Company,Year,COVID,ROA,ROE,Revenue,Total Assets,PAT,Equity
VIC,2015,0,0.0084,0.0324,34047966,145494673,1215775,37576843
VIC,2016,0,0.0135,0.0539,57614344,180450850,2439511,45266395
VIC,2017,0,0.0209,0.0849,89350049,213792057,4462412,52557010
VIC,2018,0,0.0131,0.0381,121894400,287974177,3776728,99013715
VIC,2019,0,0.0187,0.0626,130036014,403740754,7545915,120588589
VIC,2020,1,0.0129,0.0402,110490033,422503767,5464627,135852715
VIC,2021,1,-0.0059,-0.0158,125687870,428384465,-2513883,159571866
VIC,2022,0,0.0152,0.0647,101793582,577407240,8781861,135655449
VIC,2023,0,0.0032,0.0146,161427568,667655767,2156925,148221686
VIC,2024,0,0.0142,0.0774,189068040,836603903,11903028,153834481
VIC,2025,0,0.0101,0.0769,331837561,1118622625,11349934,147566342
VHM,2015,0,0.0314,0.1115,4920363,25306639,795075,7128550
VHM,2016,0,0.0439,0.1726,11217376,37520746,1648549,9548942
VHM,2017,0,0.0275,0.1392,15297312,51303819,1409642,10123785
VHM,2018,0,0.1193,0.2967,38664328,119688756,14284453,48144875
VHM,2019,0,0.1103,0.3360,51626931,197241028,21747376,64715043
VHM,2020,1,0.1270,0.3069,71546737,215326377,27351280,89129915
VHM,2021,1,0.1684,0.2955,84985606,230516471,38824562,131407411
VHM,2022,0,0.0797,0.1941,62392603,361812647,28830869,148521843
VHM,2023,0,0.0751,0.1827,103556722,444630675,33371407,182636305
VHM,2024,0,0.0564,0.1441,102323186,564209360,31801258,220743975
VHM,2025,0,0.0532,0.1681,153270923,787857267,41895255,249216707
VRE,2015,0,0.0304,0.0732,5958137,35909784,1089884,14884022
VRE,2016,0,0.0710,0.0987,6385889,34299150,2436561,24683385
VRE,2017,0,0.0532,0.0777,5518240,38133237,2027447,26094055
VRE,2018,0,0.0622,0.0843,9123952,38683683,2404386,28509281
VRE,2019,0,0.0796,0.1058,9259257,35838691,2851480,26953507
VRE,2020,1,0.0598,0.0812,8328918,39816432,2381855,29335816
VRE,2021,1,0.0347,0.0429,5891141,37873488,1314510,30650829
VRE,2022,0,0.0650,0.0831,7361437,42701088,2776057,33424690
VRE,2023,0,0.0925,0.1165,9791335,47653731,4408600,37826850
VRE,2024,0,0.0742,0.0977,8939117,55226155,4095780,41922641
VRE,2025,0,0.1052,0.1333,8837380,61279149,6445924,48368203
KSF,2015,0,,,,,,
KSF,2016,0,,,,,,
KSF,2017,0,,,,,,
KSF,2018,0,-0.0027,-0.0055,1916314,5090234,-13708,2485604
KSF,2019,0,0.0449,0.0817,1448982,4928223,221187,2706791
KSF,2020,1,0.0180,0.1072,1241490,11185533,201705,1882142
KSF,2021,1,0.0358,0.0589,1212592,10278663,367720,6245504
KSF,2022,0,0.0291,0.0543,554619,12601063,367109,6762360
KSF,2023,0,0.0076,0.0191,2469469,18245785,138888,7279115
KSF,2024,0,0.0330,0.0987,2469469,20558337,679170,6879244
KSF,2025,0,0.0708,0.4280,20198173,120143673,8502086,19863271
BCM,2015,0,0.0094,0.0429,7337544,51471671,484962,11315498
BCM,2016,0,0.0137,0.0603,7299657,57246332,786907,13049644
BCM,2017,0,0.0160,0.0687,6879245,51201884,821476,11962670
BCM,2018,0,0.0495,0.1652,6495404,45183740,2235754,13530592
BCM,2019,0,0.0572,0.1579,8213443,43515596,2486921,15750121
BCM,2020,1,0.0410,0.1155,6504738,48485332,1985550,17187472
BCM,2021,1,0.0287,0.0819,6989749,48952441,1404559,17144921
BCM,2022,0,0.0349,0.0939,6506378,48289575,1685043,17945128
BCM,2023,0,0.0454,0.1244,7882566,53423902,2423169,19472891
BCM,2024,0,0.0372,0.1058,5239237,58780758,2187091,20679200
BCM,2025,0,0.0574,0.1498,6953015,60941012,3500888,23371675
NVL,2015,0,0.0156,0.0682,6673435,26570409,415423,6095209
NVL,2016,0,0.0456,0.1657,7359181,36527076,1665078,10046890
NVL,2017,0,0.0411,0.1534,11632336,49466962,2033482,13256391
NVL,2018,0,0.0462,0.1577,15290394,69912213,3227005,20460126
NVL,2019,0,0.0381,0.1403,10930983,89979243,3431331,24461074
NVL,2020,1,0.0271,0.1227,5026358,144536346,3919072,31932147
NVL,2021,1,0.0160,0.0783,14902760,201833547,3224687,41173113
NVL,2022,0,0.0084,0.0482,11134230,257734876,2162071,44817730
NVL,2023,0,0.0025,0.0134,4756902,241486380,605578,45302850
NVL,2024,0,-0.0271,-0.1365,9073375,237777981,-6454780,47291024
NVL,2025,0,0.0074,0.0316,6965748,249907849,1861408,58892990
KBC,2015,0,0.0448,0.0761,1434852,13653707,611911,8036005
KBC,2016,0,0.0380,0.0647,1972459,14657548,557370,8621090
KBC,2017,0,0.0370,0.0647,1260199,15779768,584522,9038107
KBC,2018,0,0.0441,0.0758,2491179,16909732,746155,9837358
KBC,2019,0,0.0559,0.0885,3209906,16432990,918362,10381131
KBC,2020,1,0.0094,0.0210,2150963,23785878,224033,10652995
KBC,2021,1,0.0256,0.0484,4245982,30603980,782304,16171359
KBC,2022,0,0.0437,0.0855,950266,34906513,1526351,17845519
KBC,2023,0,0.0607,0.1004,5618475,33434220,2030699,20220873
KBC,2024,0,0.0085,0.0185,2775773,44729925,381924,20644906
KBC,2025,0,0.0302,0.0787,6687126,69581174,2103625,26725844
KDH,2015,0,0.0305,0.0622,1049940,8541570,260419,4185345
KDH,2016,0,0.0468,0.0845,3931643,7936912,371775,4397812
KDH,2017,0,0.0517,0.0811,3054812,9716622,502251,6190897
KDH,2018,0,0.0790,0.1171,2916595,10227895,808078,6899499
KDH,2019,0,0.0691,0.1194,2813353,13237325,915233,7664360
KDH,2020,1,0.0827,0.1413,4532069,13934472,1152766,8158100
KDH,2021,1,0.0837,0.1176,3738368,14372699,1202474,10221205
KDH,2022,0,0.0512,0.0935,2911963,21539251,1102954,11794533
KDH,2023,0,0.0270,0.0461,2087771,26480720,715674,15522904
KDH,2024,0,0.0263,0.0417,3278584,30757720,810414,19453434
KDH,2025,0,0.0307,0.0564,4651105,34074020,1045471,18522858
SSH,2015,0,,,,,,
SSH,2016,0,,,,,,
SSH,2017,0,,,,,,
SSH,2018,0,,,,,,
SSH,2019,0,0.0770,0.1524,1573852,5800799,446685,2931631
SSH,2020,1,0.0193,0.0761,1507695,10013226,192928,2535602
SSH,2021,1,0.0306,0.1151,1352700,9753181,298308,2591340
SSH,2022,0,0.0161,0.0590,858295,19326948,310824,5270660
SSH,2023,0,0.0880,0.1988,2901240,13200835,1161235,5840447
SSH,2024,0,0.0559,0.1234,2933923,14394873,804353,6519554
SSH,2025,0,-0.0329,-0.0654,597089,12139247,-399286,6107750
VPI,2015,0,-0.0017,-0.0102,223333,2110483,-3505,343903
VPI,2016,0,0.0066,0.0492,772104,2693511,17896,363505
VPI,2017,0,0.1128,0.2070,875449,3737475,421718,2036804
VPI,2018,0,0.0627,0.1716,2152086,6722364,421646,2457569
VPI,2019,0,0.0564,0.1881,3057265,8972345,506343,2691168
VPI,2020,1,0.0310,0.1017,2164999,9703534,300922,2958224
VPI,2021,1,0.0354,0.1026,2610596,9835484,348132,3394445
VPI,2022,0,0.0486,0.1436,2152086,11095990,539690,3758707
VPI,2023,0,0.0396,0.1251,1864842,12530858,496225,3966629
VPI,2024,0,0.0295,0.0647,1897331,11138519,328475,5074140
VPI,2025,0,0.0265,0.0714,1976352,14727969,390644,5474402
DIG,2015,0,0.0021,0.0039,655225,5089310,10461,2656336
DIG,2016,0,0.0099,0.0209,1151929,5875806,58446,2798061
DIG,2017,0,0.0323,0.0679,1593711,6083230,196235,2890561
DIG,2018,0,0.0474,0.1006,2345008,6832108,323992,3219360
DIG,2019,0,0.0477,0.0975,2115744,8197229,390990,4009446
DIG,2020,1,0.0601,0.1485,2487174,11826163,711238,4790129
DIG,2021,1,0.0585,0.1285,2568689,16846905,986154,7671483
DIG,2022,0,0.0098,0.0185,1896689,14747796,144128,7794735
DIG,2023,0,0.0071,0.0150,1025747,16827607,118727,7893558
DIG,2024,0,0.0062,0.0142,1300999,18539324,114536,8041311
DIG,2025,0,0.0341,0.0645,4717667,18959639,646459,10025617
PDR,2015,0,0.0207,0.0686,402514,7540835,155728,2270832
PDR,2016,0,0.0269,0.1009,1496666,9002350,242520,2403797
PDR,2017,0,0.0442,0.1556,1326626,9948855,439880,2826881
PDR,2018,0,0.0582,0.1832,2147709,11057426,643317,3511626
PDR,2019,0,0.0626,0.2001,3400186,13961379,874139,4368929
PDR,2020,1,0.0781,0.2349,3911212,15617490,1220117,5194277
PDR,2021,1,0.0907,0.2290,3620224,20551879,1865004,8144511
PDR,2022,0,0.0498,0.1228,1504575,22843296,1137263,9260530
PDR,2023,0,0.0325,0.0714,617515,21067823,684059,9579392
PDR,2024,0,0.0065,0.0140,821691,23985552,155088,11058509
PDR,2025,0,0.0189,0.0415,1324975,27270247,515070,12423939
CEO,2015,0,0.0532,0.1269,639404,2621012,139432,1099046
CEO,2016,0,0.0409,0.1002,1410434,3834549,156983,1566577
CEO,2017,0,0.0314,0.0794,1832799,5652286,177650,2238283
CEO,2018,0,0.0265,0.0903,2246238,8422490,223232,2471279
CEO,2019,0,0.0557,0.1222,4550055,8037362,447910,3665754
CEO,2020,1,-0.0090,-0.0194,1323835,7438270,-67165,3456345
CEO,2021,1,0.0132,0.0264,901811,7050052,93150,3534352
CEO,2022,0,0.0395,0.0750,2548999,7060487,278907,3719155
CEO,2023,0,0.0160,0.0241,1393473,9424848,150764,6246056
CEO,2024,0,0.0212,0.0301,1307936,8957583,190154,6312301
CEO,2025,0,0.0203,0.0275,1338663,8730058,177282,6441658
DXG,2015,0,0.0942,0.1900,1394505,3573347,336629,1771359
DXG,2016,0,0.0966,0.1519,2506517,5562791,537204,3537355
DXG,2017,0,0.0732,0.1613,2879241,10264403,750891,4653845
DXG,2018,0,0.0858,0.1901,4645319,13728715,1178427,6199094
DXG,2019,0,0.0612,0.1318,5813578,19880517,1216515,9227821
DXG,2020,1,-0.0213,-0.0546,2890654,23311433,-495745,9084041
DXG,2021,1,0.0410,0.0865,10089385,28254061,1157260,13381475
DXG,2022,0,0.0071,0.0153,5511715,30320666,214869,14084932
DXG,2023,0,0.0060,0.0121,3724826,28786441,171983,14186368
DXG,2024,0,0.0088,0.0168,4795471,29183374,255935,15202281
DXG,2025,0,0.0096,0.0174,4191885,38014589,363942,20882509
GEL,2015,0,,,,,,
GEL,2016,0,,,,,,
GEL,2017,0,,,,,,
GEL,2018,0,,,,,,
GEL,2019,0,,,,,,
GEL,2020,1,,,,,,
GEL,2021,1,,,,,,
GEL,2022,0,0.0487,0.1005,15354257,32723500,1593485,15849884
GEL,2023,0,0.0260,0.0618,14137115,37800143,981860,15899469
GEL,2024,0,0.0309,0.0658,12712652,35575805,1098752,16686510
GEL,2025,0,0.0297,0.0735,14301759,46925726,1393742,18962402
PWA,2015,0,,,,,,
PWA,2016,0,,,,,,
PWA,2017,0,0.0020,0.0105,21726,556515,1097,104858
PWA,2018,0,0.0307,0.1958,85999,697787,21446,109537
PWA,2019,0,0.0805,0.3542,418483,535852,43114,121718
PWA,2020,1,0.1051,0.2816,295115,335364,35261,125206
PWA,2021,1,-0.1403,-0.4497,17588,280915,-39403,87621
PWA,2022,0,-0.0328,-0.1052,15023,256241,-8398,79796
PWA,2023,0,-0.0216,-0.0605,19273,211560,-4562,75451
PWA,2024,0,-0.0104,-0.0290,11103,202947,-2114,73003
PWA,2025,0,0.0431,0.1118,25087,199404,8596,76859
TIG,2015,0,0.1006,0.1216,310779,864957,87047,715840
TIG,2016,0,0.0464,0.0520,177617,946204,43904,844931
TIG,2017,0,0.0522,0.0631,186837,1046647,54630,865378
TIG,2018,0,0.0525,0.0594,259746,1130528,59380,999824
TIG,2019,0,0.0774,0.0953,303786,1499508,116070,1217366
TIG,2020,1,0.0392,0.0558,471498,1857035,72831,1304415
TIG,2021,1,0.0554,0.0970,906313,3518555,194890,2008994
TIG,2022,0,0.0526,0.0909,943537,4315723,227222,2500450
TIG,2023,0,0.0536,0.0860,1232618,4141564,222119,2582760
TIG,2024,0,0.0433,0.0843,1495660,4073402,176551,2094752
TIG,2025,0,0.0182,0.0343,1072169,4079990,74385,2170349
SGR,2015,0,0.0220,0.0917,128288,900499,19815,216011
SGR,2016,0,0.1735,0.5604,1079179,1574514,273135,487352
SGR,2017,0,0.0901,0.2417,532786,1549509,139653,577681
SGR,2018,0,0.0641,0.1884,376436,1966352,126116,669512
SGR,2019,0,0.0425,0.1285,121323,2094544,89051,693079
SGR,2020,1,0.0521,0.1366,76647,1956899,101865,745741
SGR,2021,1,0.0174,0.0499,172807,1998571,34816,697602
SGR,2022,0,0.1077,0.2447,654438,1999085,215379,880018
SGR,2023,0,0.0498,0.1111,99165,2047846,102017,918276
SGR,2024,0,0.0263,0.0608,151466,2252296,59228,974768
SGR,2025,0,0.0286,0.0546,218631,2736864,78255,1433652
VGC,2015,0,0.0282,0.0994,7819905,11663300,328387,3302134
VGC,2016,0,0.0396,0.1176,8138779,12989462,513750,4367114
VGC,2017,0,0.0374,0.0893,9196506,16034245,600137,6719744
VGC,2018,0,0.0342,0.0823,8812096,16533192,565495,6871919
VGC,2019,0,0.0328,0.0923,10145642,19887754,651502,7055076
VGC,2020,1,0.0282,0.0855,9433049,21323240,600750,7024115
VGC,2021,1,0.0556,0.1464,11194313,21997051,1223652,8356844
VGC,2022,0,0.0753,0.1902,14592450,22958921,1728187,9085429
VGC,2023,0,0.0505,0.1279,13193818,24100190,1218120,9524318
VGC,2024,0,0.0445,0.1110,11906356,24827419,1104735,9953000
VGC,2025,0,0.0531,0.1213,13314758,26436635,1403242,11570893
OGC,2015,0,0.0898,0.3048,929713,6920109,621262,2038279
OGC,2016,0,-0.1209,-0.6075,1170774,6020997,-727936,1198195
OGC,2017,0,-0.0882,-0.5598,1133714,5354709,-472517,844155
OGC,2018,0,0.0055,0.0297,1242730,4714935,26014,874765
OGC,2019,0,0.0175,0.0981,1208926,4263864,74625,760795
OGC,2020,1,0.0296,0.0901,903545,3760343,111310,1234896
OGC,2021,1,-0.0259,-0.0749,409277,2932844,-75970,1013950
OGC,2022,0,0.0135,0.0380,1011062,2986914,40439,1063505
OGC,2023,0,0.0197,0.0604,984685,4767834,94080,1557099
OGC,2024,0,0.0265,0.0688,1006899,4508611,119298,1734999
OGC,2025,0,0.0151,0.0353,1141408,4449009,67112,1898922
VC3,2015,0,0.0349,0.1773,477037,1232421,42965,242305
VC3,2016,0,0.0651,0.2511,557042,1157266,75304,299950
VC3,2017,0,0.0554,0.1309,542239,785519,43501,332441
VC3,2018,0,0.0250,0.0550,290305,843835,21077,383562
VC3,2019,0,0.0490,0.1157,330006,1025506,50281,434479
VC3,2020,1,0.0104,0.0190,122075,1331255,13852,727417
VC3,2021,1,0.0403,0.0782,200867,1519857,61202,782760
VC3,2022,0,0.0198,0.0612,514210,3713348,73392,1199091
VC3,2023,0,0.0418,0.1052,806322,3368739,140972,1340239
VC3,2024,0,0.0212,0.0466,611368,3086772,65466,1405753
VC3,2025,0,0.0329,0.0671,607677,3030224,99765,1487058
VPI,2015,0,-0.0017,-0.0102,223333,2110483,-3505,343903
VPI,2016,0,0.0066,0.0492,772104,2693511,17896,363505
VPI,2017,0,0.1128,0.2070,875449,3737475,421718,2036804
VPI,2018,0,0.0627,0.1716,258265,6722364,421646,2457569
VPI,2019,0,0.0564,0.1881,3057265,8972345,506343,2691168
VPI,2020,1,0.0310,0.1017,2164999,9703534,300922,2958224
VPI,2021,1,0.0354,0.1026,2610596,9835484,348132,3394445
VPI,2022,0,0.0486,0.1436,2152086,11095990,539690,3758707
VPI,2023,0,0.0396,0.1251,1864842,12530858,496225,3966629
VPI,2024,0,0.0295,0.0647,1897331,11138519,328475,5074140
VPI,2025,0,0.0265,0.0714,1976352,14727969,390644,5474402
KHG,2015,0,,,,,,
KHG,2016,0,,,,,,
KHG,2017,0,,,,,,
KHG,2018,0,0.0116,0.0131,171055,1413807,16433,1251213
KHG,2019,0,0.0073,0.0081,136650,1399746,10156,1261369
KHG,2020,1,0.0408,0.0550,302970,2370523,96706,1758075
KHG,2021,1,0.0644,0.0880,1288142,6420340,413504,4697378
KHG,2022,0,0.0628,0.0861,1396204,7044645,442469,5139847
KHG,2023,0,0.0040,0.0049,330530,6390734,25361,5165208
KHG,2024,0,0.0083,0.0105,309842,6591186,54626,5219834
KHG,2025,0,0.0098,0.0130,601302,6994484,68709,5289632
DXS,2015,0,,,,,,
DXS,2016,0,,,,,,
DXS,2017,0,,,,,,
DXS,2018,0,0.1740,0.4658,2479153,5982843,1041174,2235162
DXS,2019,0,0.1816,0.3215,4090733,8993139,1632944,5078529
DXS,2020,1,0.1023,0.1945,3249212,11095041,1135538,5839337
DXS,2021,1,0.0577,0.1125,4328806,15147811,873462,7763525
DXS,2022,0,0.0319,0.0640,4096290,16602259,529940,8284884
DXS,2023,0,-0.0104,-0.0198,1997404,15457120,-160262,8102944
DXS,2024,0,0.0165,0.0298,2437887,15068519,248079,8316413
DXS,2025,0,0.0311,0.0593,3966299,16842602,523442,8832413
NLG,2015,0,0.0415,0.0860,1258544,5022018,208589,2426495
NLG,2016,0,0.0624,0.1231,2533799,6208809,387570,3147274
NLG,2017,0,0.0956,0.2031,3161312,7905948,756165,3722748
NLG,2018,0,0.0927,0.1929,3479608,9574400,887193,4600315
NLG,2019,0,0.0924,0.1625,2546101,10904394,1007273,6199933
NLG,2020,1,0.0623,0.1265,2216719,13642706,850327,6720338
NLG,2021,1,0.0626,0.1093,5205519,23617638,1477959,13527665
NLG,2022,0,0.0320,0.0650,4338841,27084709,865546,13315130
NLG,2023,0,0.0280,0.0592,3181422,28611223,800477,13532755
NLG,2024,0,0.0458,0.0952,7196050,30318114,1387389,14568926
NLG,2025,0,0.0356,0.0638,5645087,26564516,946309,14824244
HDC,2015,0,0.0406,0.0766,423552,1197205,48610,634389
HDC,2016,0,0.0417,0.0888,478861,1424146,59342,667972
HDC,2017,0,0.0540,0.1132,410121,1501815,81066,716022
HDC,2018,0,0.0647,0.1320,715260,1638446,105973,802792
HDC,2019,0,0.0593,0.1261,824544,2463325,146005,1157577
HDC,2020,1,0.0694,0.2025,838973,3332284,231281,1142139
HDC,2021,1,0.0824,0.2097,1352323,3776882,311249,1483977
HDC,2022,0,0.0951,0.2257,1298031,4421841,420619,1863772
HDC,2023,0,0.0281,0.0692,665457,4698875,131972,1908013
HDC,2024,0,0.0137,0.0294,546228,4877377,66905,2272109
HDC,2025,0,0.1054,0.2183,456498,6082167,641228,2936750
HHS,2015,0,0.1637,0.1742,3507998,2937879,481001,2761169
HHS,2016,0,0.0439,0.0452,1576843,3152397,138515,3067125
HHS,2017,0,0.0272,0.0286,1234787,3378239,91989,3220194
HHS,2018,0,0.0524,0.0563,1151745,3505642,183558,3260230
HHS,2019,0,0.0525,0.0554,590396,3627724,190279,3432064
HHS,2020,1,0.0720,0.0759,605482,3946663,284192,3742103
HHS,2021,1,0.0546,0.0590,516363,4265257,232770,3942043
HHS,2022,0,0.0494,0.0533,385295,4492591,221997,4166137
HHS,2023,0,0.0745,0.0773,366575,4673591,348148,4501281
HHS,2024,0,0.0670,0.0758,571225,5476785,367193,4846403
HHS,2025,0,0.1517,0.2160,892760,23428211,3553215,16452359
IDJ,2015,0,0.0001,0.0001,13612,277339,41,274273
IDJ,2016,0,-0.0229,-0.0237,25568,276851,-6329,267376
IDJ,2017,0,0.0094,0.0112,301816,321328,3017,270220
IDJ,2018,0,0.1182,0.1606,245133,437219,51693,321840
IDJ,2019,0,0.0210,0.0825,378185,1389695,29155,353555
IDJ,2020,1,0.0321,0.1954,410721,2455335,78759,403088
IDJ,2021,1,0.0587,0.2052,893403,3455629,202807,988154
IDJ,2022,0,0.0312,0.0759,816873,4729214,147495,1944309
IDJ,2023,0,0.0234,0.0533,862044,4684044,109395,2053718
IDJ,2024,0,0.0227,0.0456,717532,4210442,95605,2097265
IDJ,2025,0,-0.0313,-0.0523,1058640,3330305,-104196,1993078
NRC,2015,0,,,,,,
NRC,2016,0,0.0582,0.0590,2379,32468,1889,31997
NRC,2017,0,0.1243,0.2058,90116,260060,32329,157112
NRC,2018,0,0.1399,0.3433,176745,502612,70335,204876
NRC,2019,0,0.1012,0.2058,532656,855842,86599,420742
NRC,2020,1,0.0808,0.1301,207249,768639,62127,477489
NRC,2021,1,0.0977,0.1709,444037,2022856,197610,1155974
NRC,2022,0,-0.0318,-0.0566,194245,2276809,-72513,1282005
NRC,2023,0,0.0057,0.0092,4629,2083205,11929,1293904
NRC,2024,0,-0.0711,-0.1187,5149,1929368,-137237,1155974
NRC,2025,0,0.0045,0.0076,91608,1970303,8818,1167502
SCG,2015,0,,,,,,
SCG,1026,0,,,,,,
SCG,2017,0,,,,,,
SCG,2018,0,,,,,,
SCG,2019,0,0.0134,0.0510,128303,401885,5377,105377
SCG,2020,1,0.0671,0.1514,1420346,1344048,90175,595552
SCG,2021,1,0.0406,0.1772,2857280,4871164,197821,1116529
SCG,2022,0,0.0044,0.0292,1742069,7505301,33281,1140105
SCG,2023,0,0.0030,0.0175,793598,6799012,20355,1161219
SCG,2024,0,0.0233,0.1455,2705065,8501550,197821,1359542
SCG,2025,0,0.0275,0.1920,6520581,11762359,323103,1682606
LDG,2015,0,0.0667,0.1540,519862,2314636,154319,1002117
LDG,2016,0,0.0566,0.1345,496560,2805536,158740,1180200
LDG,2017,0,0.0776,0.1412,663317,3645523,282894,2004008
LDG,2018,0,0.1239,0.2347,1718949,4869110,603154,2570233
LDG,2019,0,0.1031,0.1932,784580,5848491,603229,3123026
LDG,2020,1,0.0023,0.0042,1388440,5531704,12910,3104404
LDG,2021,1,0.0206,0.0434,321282,6841069,140653,3243923
LDG,2022,0,0.0005,0.0013,193172,7860785,4243,3241936
LDG,2023,0,-0.0726,-0.1942,-36509,7265457,-527174,2713917
LDG,2024,0,-0.2446,-1.2433,-173233,6157209,-1505752,1211097
LDG,2025,0,0.0115,0.0711,403021,8040290,92726,1303824
HDG,2015,0,0.0404,0.0945,1479927,3054981,123459,1306733
HDG,2016,0,0.0352,0.1284,1988494,6700316,235570,1834018
HDG,2017,0,0.0212,0.0856,2296976,8415503,178375,2084146
HDG,2018,0,0.0571,0.2354,3221442,11086580,633433,2690685
HDG,2019,0,0.0672,0.2840,4342517,13866321,931687,3280371
HDG,2020,1,0.0706,0.2462,4998578,13878648,979142,3977421
HDG,2021,1,0.0690,0.2034,3777436,15891544,1096498,5390330
HDG,2022,0,0.0725,0.1673,3581191,15104924,1095618,6548012
HDG,2023,0,0.0461,0.0920,2889384,14438352,665078,7228748
HDG,2024,0,0.0251,0.0472,2717613,13849363,348310,7375981
HDG,2025,0,0.0525,0.0917,2786540,14685890,770390,8398383
DLG,2015,0,0.0119,0.0376,1637715,6815607,81061,2156440
DLG,2016,0,0.0094,0.0247,2477282,7010968,65727,2658683
DLG,2017,0,0.0071,0.0177,2897509,8312491,59362,3351760
DLG,2018,0,0.0016,0.0041,2914292,8712258,14353,3482155
DLG,2019,0,-0.0009,-0.0022,2873263,8614513,-7459,3430054
DLG,2020,1,-0.1130,-0.3709,2034492,8230569,-929778,2506555
DLG,2021,1,0.0017,0.0051,1544442,7070349,11793,2318835
DLG,2022,0,-0.2133,-1.0795,1347872,5611846,-1197177,1109021
DLG,2023,0,-0.1146,-1.0971,1122334,5051949,-578740,527515
DLG,2024,0,0.0561,0.3246,1058722,4348369,244031,751873
DLG,2025,0,0.0990,0.4191,699,4215910,417197,995422
IDC,2015,0,0.0155,0.0688,4609292,13110842,203136,2952927
IDC,2016,0,0.0310,0.1103,4422688,12517744,388658,3524162
IDC,2017,0,0.0075,0.0282,4920866,14361473,107117,3798481
IDC,2018,0,0.0151,0.0499,4154513,13864800,208765,4183561
IDC,2019,0,0.0241,0.0814,4928746,14315622,344697,4232603
IDC,2020,1,0.0208,0.0694,4541856,14622957,304426,4389202
IDC,2021,1,0.0283,0.0904,4301236,16075835,454308,5028037
IDC,2022,0,0.1039,0.2884,7485390,17013411,1767507,6127923
IDC,2023,0,0.0786,0.2246,7237032,17720446,1393647,6204915
IDC,2024,0,0.1062,0.2769,8846411,18800161,1996055,7207648
IDC,2025,0,0.0833,0.2338,8588150,23201491,1931791,8263031
KOS,2015,0,0.0017,0.0028,3858,278520,465,167085
KOS,2016,0,0.0395,0.0504,150576,519956,20536,407621
KOS,2017,0,0.0355,0.0590,407689,747138,26519,449140
KOS,2018,0,0.0263,0.0404,900018,1711132,45064,1116704
KOS,2019,0,0.0105,0.0176,1062828,1908703,20063,1136767
KOS,2020,1,0.0100,0.0189,1308626,2198472,21912,1158678
KOS,2021,1,0.0058,0.0100,1106568,3874815,22549,2263541
KOS,2022,0,0.0045,0.0096,1343460,4835564,21830,2285227
KOS,2023,0,0.0044,0.0092,1315815,4752985,21138,2306365
KOS,2024,0,0.0045,0.0094,1438927,4851309,21739,2318635
KOS,2025,0,0.0039,0.0082,1555288,4866349,19067,2337702
SZC,2015,0,0.0292,0.0565,155385,2131521,62320,1103312
SZC,2016,0,0.0242,0.0405,101363,1820810,44140,1089720
SZC,2017,0,0.0330,0.0650,219670,2201412,72703,1118180
SZC,2018,0,0.0377,0.0842,290230,2581010,97352,1156406
SZC,2019,0,0.0434,0.1122,329422,3089826,134129,1195935
SZC,2020,1,0.0421,0.1471,432981,4417746,186001,1264237
SZC,2021,1,0.0576,0.2208,713222,5616375,323629,1465585
SZC,2022,0,0.0312,0.1286,858889,6334996,197367,1534252
SZC,2023,0,0.0314,0.1260,817946,6961129,218873,1737315
SZC,2024,0,0.0367,0.0973,870683,8225800,302127,3105551
SZC,2025,0,0.0422,0.1077,1097946,8171471,344801,3202889
FIR,2015,0,0.0769,0.0995,3675,2587,199,2000
FIR,2016,0,0.1006,0.1125,9741,25208,2535,22535
FIR,2017,0,0.0621,0.1027,60760,245687,15249,148481
FIR,2018,0,0.1179,0.3413,176269,652463,76941,225440
FIR,2019,0,0.2051,0.2900,327863,450217,92324,318405
FIR,2020,1,0.0879,0.1323,176157,549608,48324,365373
FIR,2021,1,0.0627,0.0981,196415,633469,39745,405219
FIR,2022,0,0.0880,0.1586,384512,1302864,114590,722336
FIR,2023,0,0.0136,0.0257,169125,1402922,19087,741423
FIR,2024,0,0.0005,0.0008,123962,1339408,611,742033
FIR,2025,0,0.0016,0.0026,108263,1236558,1968,744000
SJS,2015,0,0.0393,0.1131,855452,5734361,225105,1990459
SJS,2016,0,0.0300,0.0847,514269,5969111,178993,2112258
SJS,2017,0,0.0209,0.0577,-20166,6284643,131256,2275437
SJS,2018,0,0.0170,0.0487,467073,6451992,109587,2251956
SJS,2019,0,0.0158,0.0469,695959,6652903,104849,2235291
SJS,2020,1,0.0043,0.0142,1135902,7047540,30565,2153376
SJS,2021,1,0.0093,0.0295,747036,6946047,64778,2198791
SJS,2022,0,0.0177,0.0465,379811,6779528,119686,2575443
SJS,2023,0,0.0248,0.0671,416024,7473979,185337,2761587
SJS,2024,0,0.0342,0.0897,646015,7844263,268508,2993878
SJS,2025,0,0.0459,0.1049,750726,7880010,361321,3445351
ASM,2015,0,0.0219,0.0352,880616,3908502,85631,2436158
ASM,2016,0,0.0355,0.0655,1406490,4880522,173117,2644574
ASM,2017,0,0.0310,0.0613,2100781,5610793,174212,2841505
ASM,2018,0,0.0867,0.1810,8887128,11975460,1038544,5737393
ASM,2019,0,0.0408,0.1011,14223773,15596312,636925,6301872
ASM,2020,1,0.0270,0.0692,12524614,17604595,475464,6872109
ASM,2021,1,0.0330,0.0793,11397926,18169114,600437,7576340
ASM,2022,0,0.0329,0.0802,13749222,19086345,628390,7839818
ASM,2023,0,0.0096,0.0249,11973154,20307453,195034,7826282
ASM,2024,0,0.0079,0.0224,12013118,22856056,180854,8087735
ASM,2025,0,0.0016,0.0046,11317469,23476528,37712,8213442
NDN,2015,0,0.1176,0.1450,242135,499712,58776,405457
NDN,2016,0,0.0660,0.0858,281812,663155,43789,510317
NDN,2017,0,0.1129,0.1562,228189,775451,87539,560251
NDN,2018,0,0.0517,0.1539,171375,1701144,88023,572089
NDN,2019,0,0.0313,0.1021,41620,2186561,68446,670539
NDN,2020,1,0.1493,0.3337,874068,2204327,329174,986558
NDN,2021,1,0.1534,0.2367,509429,1641851,251788,1063908
NDN,2022,0,-0.0955,-0.1594,3424,1497218,-142961,896654
NDN,2023,0,0.1646,0.2072,435757,1325203,218146,1052745
NDN,2024,0,0.0283,0.0332,55617,1277801,36176,1088771
NDN,2025,0,0.1307,0.1374,26564,1300950,170082,1237886
NTL,2015,0,0.0735,0.1053,473237,1277582,93953,892604
NTL,2016,0,0.0543,0.0778,433359,1376714,74756,961381
NTL,2017,0,0.0581,0.0957,301646,1597602,92760,968998
NTL,2018,0,0.0602,0.1018,714124,1680048,101166,993984
NTL,2019,0,0.1440,0.2189,835098,1623395,233809,1068195
NTL,2020,1,0.1632,0.2537,652853,1809935,295405,1164263
NTL,2021,1,0.1268,0.1936,576724,1876989,237956,1229067
NTL,2022,0,0.0632,0.0847,391277,1685280,106500,1257920
NTL,2023,0,0.1789,0.2491,914024,2035335,364190,1462180
NTL,2024,0,0.2847,0.3527,1441314,2178125,620095,1757931
NTL,2025,0,0.0092,0.0108,17517,1884355,17428,1609980
HPX,2015,0,0.0352,0.1465,1035358,4423844,155737,1062800
HPX,2016,0,0.0339,0.1299,1807840,4899117,166033,1278292
HPX,2017,0,0.0494,0.1557,1080467,6576023,325183,2088693
HPX,2018,0,0.0611,0.1768,2019624,7398332,452274,2558558
HPX,2019,0,0.0654,0.1493,3431937,6829641,446702,2992800
HPX,2020,1,0.0125,0.0255,1329628,7378527,92293,3620943
HPX,2021,1,0.0261,0.0709,1417006,9578592,249919,3526748
HPX,2022,0,-0.0064,-0.0185,1210372,9467030,-60410,3258048
HPX,2023,0,0.0153,0.0355,1680274,8296949,127349,3587767
HPX,2024,0,0.0075,0.0158,1615672,7701602,57447,3633974
HPX,2025,0,0.0143,0.0341,1142739,8475818,121335,3553441
AGG,2015,0,,,,,,
AGG,2016,0,0.0007,0.0381,602637,2267344,1547,40646
AGG,2017,0,0.0239,0.3384,989145,2451628,58562,173046
AGG,2018,0,0.1277,0.3662,1125412,2291060,292641,799106
AGG,2019,0,0.0605,0.2246,384627,5398913,326497,1453450
AGG,2020,1,0.0425,0.1787,1753643,9753392,414713,2320738
AGG,2021,1,0.0334,0.1567,1808365,12564828,419375,2675589
AGG,2022,0,0.0017,0.0070,6188635,11098528,18966,2725619
AGG,2023,0,0.0189,0.0610,3891047,9293398,175358,2876121
AGG,2024,0,0.0423,0.0948,1913398,7035484,297501,3137089
AGG,2025,0,0.0692,0.1079,829089,5476945,379195,3514998
VPH,2015,0,0.0649,0.1822,259140,1672577,108616,596040
VPH,2016,0,0.0462,0.1240,429249,1748113,80846,652232
VPH,2017,0,0.0989,0.1992,1382042,1928523,190686,957457
VPH,2018,0,0.0706,0.1394,706219,2074245,146515,1051384
VPH,2019,0,0.0168,0.0295,162544,1781620,29898,1015048
VPH,2020,1,0.0065,0.0131,268627,2090253,13644,1039093
VPH,2021,1,0.0406,0.0779,290558,2051055,83208,1068476
VPH,2022,0,0.0088,0.0192,161610,2242856,19666,1021923
VPH,2023,0,-0.0004,-0.0008,73143,2366331,-852,1020416
VPH,2024,0,0.0670,0.1185,47404,1931877,129522,1092591
VPH,2025,0,-0.0105,-0.0200,134648,1956538,-20579,1027051
SIP,2015,0,0.0188,0.0876,977817,4090322,77063,879599
SIP,2016,0,0.0283,0.1485,1806687,5111198,144538,973494
SIP,2017,0,0.0289,0.1754,2569512,6485783,187440,1068535
SIP,2018,0,0.0204,0.1603,3239457,10738929,218576,1363929
SIP,2019,0,0.0442,0.3136,4339741,13465969,594962,1897367
SIP,2020,1,0.0614,0.3692,5082583,16700343,1025695,2777912
SIP,2021,1,0.0469,0.2533,5577559,17817257,835406,3297878
SIP,2022,0,0.0514,0.2669,6034523,19003422,977156,3660833
SIP,2023,0,0.0440,0.2301,6676517,21060427,926897,4028051
SIP,2024,0,0.0467,0.2404,7801157,25052881,1170163,4867821
SIP,2025,0,0.0461,0.2275,8596226,28670188,1322872,5813983
TEG,2015,0,0.0365,0.0371,28452,159394,5819,156792
TEG,2016,0,0.1597,0.1681,133415,198341,31672,188464
TEG,2017,0,0.1063,0.1308,185079,278365,29595,226259
TEG,2018,0,0.0900,0.1233,181892,353297,31787,257832
TEG,2019,0,0.0065,0.0082,157925,532941,3489,425811
TEG,2020,1,0.0134,0.0168,214715,564992,7555,448543
TEG,2021,1,0.0378,0.0504,249830,1224554,46284,918247
TEG,2022,0,0.0333,0.0428,222414,1233581,41122,961805
TEG,2023,0,0.0584,0.0698,325521,1168231,68238,977374
TEG,2024,0,0.0029,0.0034,298752,1733295,4961,1478081
TEG,2025,0,0.0121,0.0149,55834,1847018,22335,1502802
HAR,2015,0,0.0116,0.0124,56928,1066258,12335,996908
HAR,2016,0,0.0147,0.0175,79438,1207246,17751,1014268
HAR,2017,0,0.0211,0.0270,56936,1359253,28745,1065861
HAR,2018,0,0.0096,0.0108,186834,1180127,11315,1050066
HAR,2019,0,0.0059,0.0064,163228,1136767,6686,1049470
HAR,2020,1,0.0016,0.0019,159409,1260544,1984,1034780
HAR,2021,1,0.0284,0.0333,42697,1253935,35576,1069636
HAR,2022,0,-0.0391,-0.0425,144961,1120633,-43792,1031298
HAR,2023,0,0.0335,0.0337,18272,1071589,35939,1066874
HAR,2024,0,0.0091,0.0092,17815,1079949,9857,1076538
HAR,2025,0,0.0156,0.0157,16535,1096763,17152,1093432
TDH,2015,0,0.0182,0.0332,882376,2529328,45937,1383578
TDH,2016,0,0.0387,0.0612,1060296,2800625,108294,1770950
TDH,2017,0,0.0455,0.0712,1840018,2873316,130685,1835349
TDH,2018,0,0.0253,0.0466,2400065,4561541,115425,2476278
TDH,2019,0,0.0261,0.0544,3929434,5327383,139303,2559707
TDH,2020,1,-0.0652,-0.1624,1961050,5570559,-363426,2237199
TDH,2021,1,-0.5114,-1.5176,487215,1842123,-942055,620773
TDH,2022,0,0.0035,0.0112,172747,1418433,4935,438677
TDH,2023,0,-0.0468,-0.1662,120442,1333502,-62436,375683
TDH,2024,0,-0.4444,-4.3228,48997,685690,-304690,70485
TDH,2025,0,0.1582,0.5982,122781,685441,108446,181291
LSG,2015,0,0.0186,0.0210,10605,1039732,19356,919917
LSG,2016,0,0.0181,0.0597,232807,3177548,57439,961644
LSG,2017,0,0.0008,0.0034,37475,4024014,3260,962997
LSG,2018,0,0.0005,0.0022,45526,3916656,2121,962718
LSG,2019,0,0.0085,0.0289,0,3369124,28534,988852
LSG,2020,1,0.0092,0.0391,0,4361742,40152,1026604
LSG,2021,1,0.0040,0.0113,0,2900075,11711,1035915
LSG,2022,0,0.0201,0.0446,0,2302832,46175,1036115
LSG,2023,0,0.0026,0.0057,950,2328589,5981,1041196
LSG,2024,0,0.0012,0.0026,3425,2355418,2732,1043028
LSG,2025,0,0.0095,0.0188,46061,2153703,20505,1090175
NVT,2015,0,0.0116,0.0124,56928,1066258,12335,996908
NVT,2016,0,0.0147,0.0175,79438,1207246,17751,1014268
NVT,2017,0,0.0171,0.0218,56936,1359253,23235,1065861
NVT,2018,0,0.0096,0.0108,186834,1180127,11381,1050066
NVT,2019,0,0.0059,0.0064,163228,1136767,6684,1049470
NVT,2020,1,0.0016,0.0019,159409,1260544,1985,1034780
NVT,2021,1,0.0284,0.0333,42697,1253935,35573,1069636
NVT,2022,0,0.0175,0.0191,144961,1120633,19666,1031298
NVT,2023,0,0.0335,0.0337,18272,1071589,35939,1066874
NVT,2024,0,0.0091,0.0092,17815,1079949,9857,1076538
NVT,2025,0,0.0156,0.0157,16535,1096763,17152,1093432
HLD,2015,0,0.0696,0.1130,341550,737010,51267,453552
HLD,2016,0,0.0745,0.1102,124695,700244,52138,472999
HLD,2017,0,0.0694,0.1162,382845,833276,57797,497277
HLD,2018,0,0.0948,0.1799,438743,774660,73404,408011
HLD,2019,0,0.1040,0.1657,420135,729299,75865,457807
HLD,2020,1,0.1212,0.1701,182028,612484,74262,436507
HLD,2021,1,0.0265,0.0341,80925,574181,15221,446026
HLD,2022,0,0.0080,0.0115,35450,608038,4879,422644
HLD,2023,0,0.0056,0.0078,13536,592539,3301,424839
HLD,2024,0,0.0019,0.0089,28959,2023313,3820,427257
HLD,2025,0,0.0070,0.0280,277024,2707811,18970,678449
VNI,2015,0,-0.0224,-0.0789,6087,278539,-6244,79124
VNI,2016,0,-0.0681,-0.2934,11415,263634,-17941,61139
VNI,2017,0,-0.0325,-0.1856,5428,294403,-9573,51571
VNI,2018,0,-0.0093,-0.0681,6376,353810,-3299,48413
VNI,2019,0,-0.0207,-0.2010,9433,391403,-8101,40312
VNI,2020,1,0.3446,0.1275,8511,17094,5890,46202
VNI,2021,1,0.0024,0.0223,6566,435951,1055,47257
VNI,2022,0,0.0010,0.0150,5358,694560,718,47975
VNI,2023,0,0.0003,0.0047,5093,846094,226,48201
VNI,2024,0,0.1080,0.6083,450039,690171,74535,122524
VNI,2025,0,-0.0028,-0.0165,152972,718281,-1991,120533