Company,Year,ROA,ROE,Revenue,Total Assets,PAT,Equity
VIC,2015,"0,84%","3,24%",34.047.966,145.494.673,1.215.775,37.576.843
VIC,2016,"1,35%","5,39%",57.614.344,180.450.850,2.439.511,45.266.395
VIC,2017,"2,09%","8,49%",89.350.049,213.792.057,4.462.412,52.557.010
VIC,2018,"1,31%","3,81%",121.894.400,287.974.177,3.776.728,99.013.715
VIC,2019,"1,87%","6,26%",130.036.014,403.740.754,7.545.915,120.588.589
VIC,2020,"1,29%","4,02%",110.490.033,422.503.767,5.464.627,135.852.715
VIC,2021,"-0,59%","-1,58%",125.687.870,428.384.465,-2.513.883,159.571.866
VIC,2022,"1,52%","6,47%",101.793.582,577.407.240,8.781.861,135.655.449
VIC,2023,"0,32%","1,46%",161.427.568,667.655.767,2.156.925,148.221.686
VIC,2024,"1,42%","7,74%",189.068.040,836.603.903,11.903.028,153.834.481
VIC,2025,"1,01%","7,69%",331.837.561,1.118.622.625,11.349.934,147.566.342
VHM,2015,"3,14%","11,15%",4.920.363,25.306.639,795.075,7.128.550
VHM,2016,"4,39%","17,26%",11.217.376,37.520.746,1.648.549,9.548.942
VHM,2017,"2,75%","13,92%",15.297.312,51.303.819,1.409.642,10.123.785
VHM,2018,"11,93%","29,67%",38.664.328,119.688.756,14.284.453,48.144.875
VHM,2019,"11,03%","33,60%",51.626.931,197.241.028,21.747.376,64.715.043
VHM,2020,"12,70%","30,69%",71.546.737,215.326.377,27.351.280,89.129.915
VHM,2021,"16,84%","29,55%",84.985.606,230.516.471,38.824.562,131.407.411
VHM,2022,"7,97%","19,41%",62.392.603,361.812.647,28.830.869,148.521.843
VHM,2023,"7,51%","18,27%",103.556.722,444.630.675,33.371.407,182.636.305
VHM,2024,"5,64%","14,41%",102.323.186,564.209.360,31.801.258,220.743.975
VHM,2025,"5,32%","16,81%",153.270.923,787.857.267,41.895.255,249.216.707
VRE,2015,"3,04%","7,32%",5.958.137,35.909.784,1.089.884,14.884.022
VRE,2016,"7,10%","9,87%",6.385.889,34.299.150,2.436.561,24.683.385
VRE,2017,"5,32%","7,77%",5.518.240,38.133.237,2.027.447,26.094.055
VRE,2018,"6,22%","8,43%",9.123.952,38.683.683,2.404.386,28.509.281
VRE,2019,"7,96%","10,58%",9.259.257,35.838.691,2.851.480,26.953.507
VRE,2020,"5,98%","8,12%",8.328.918,39.816.432,2.381.855,29.335.816
VRE,2021,"3,47%","4,29%",5.891.141,37.873.488,1.314.510,30.650.829
VRE,2022,"6,50%","8,31%",7.361.437,42.701.088,2.776.057,33.424.690
VRE,2023,"9,25%","11,65%",9.791.335,47.653.731,4.408.600,37.826.850
VRE,2024,"7,42%","9,77%",8.939.117,55.226.155,4.095.780,41.922.641
VRE,2025,"10,52%","13,33%",8.837.380,61.279.149,6.445.924,48.368.203
KSF,2015,#DIV/0!,#DIV/0!,,,,
KSF,2016,#DIV/0!,#DIV/0!,,,,
KSF,2017,#DIV/0!,#DIV/0!,,,,
KSF,2018,"-0,27%","-0,55%",1.916.314,5.090.234,-13.708,2.485.604
KSF,2019,"4,49%","8,17%",1.448.982,4.928.223,221.187,2.706.791
KSF,2020,"1,80%","10,72%",1.241.490,11.185.533,201.705,1.882.142
KSF,2021,#VALUE!,#VALUE!,1.212.592,10.278.663,367.72,6.245.504
KSF,2022,"2,91%","5,43%",554.619,12.601.063,367.109,6.762.360
KSF,2023,"0,76%","1,91%",2.469.469,18.245.785,138.888,7.279.115
KSF,2024,#VALUE!,#VALUE!,2.469.469,20.558.337,679.17,6.879.244
KSF,2025,"7,08%","42,80%",20.198.173,120.143.673,8.502.086,19.863.271
BCM,2015,"0,94%","4,29%",7.337.544,51.471.671,484.962,11.315.498
BCM,2016,"1,37%","6,03%",7.299.657,57.246.332,786.907,13.049.644
BCM,2017,"1,60%","6,87%",6.879.245,51.201.884,821.476,11.962.670
BCM,2018,"4,95%","16,52%",6.495.404,45.183.740,2.235.754,13.530.592
BCM,2019,"5,72%","15,79%",8.213.443,43.515.596,2.486.921,15.750.121
BCM,2020,"4,10%","11,55%",6.504.738,48.485.332,1.985.550,17.187.472
BCM,2021,"2,87%","8,19%",6.989.749,48.952.441,1.404.559,17.144.921
BCM,2022,"3,49%","9,39%",6.506.378,48.289.575,1.685.043,17.945.128
BCM,2023,"4,54%","12,44%",7.882.566,53.423.902,2.423.169,19.472.891
BCM,2024,"3,72%","10,58%",5.239.237,58.780.758,2.187.091,20.679.200
BCM,2025,"5,74%","14,98%",6.953.015,60.941.012,3.500.888,23.371.675
NVL,2015,"1,56%","6,82%",6.673.435,26.570.409,415.423,6.095.209
NVL,2016,"4,56%","16,57%",7.359.181,36.527.076,1.665.078,10.046.890
NVL,2017,"4,11%","15,34%",11.632.336,49.466.962,2.033.482,13.256.391
NVL,2018,"4,62%","15,77%",15.290.394,69.912.213,3.227.005,20.460.126
NVL,2019,"3,81%","14,03%",10.930.983,89.979.243,3.431.331,24.461.074
NVL,2020,"2,71%","12,27%",5.026.358,144.536.346,3.919.072,31.932.147
NVL,2021,"1,60%","7,83%",14.902.760,201.833.547,3.224.687,41.173.113
NVL,2022,"0,84%","4,82%",11.134.230,257.734.876,2.162.071,44.817.730
NVL,2023,"0,25%","1,34%",4.756.902,241.486.380,605.578,45.302.850
NVL,2024,"-2,71%","-13,65%",9.073.375,237.777.981,-6.454.780,47.291.024
NVL,2025,"0,74%","3,16%",6.965.748,249.907.849,1.861.408,58.892.990
KBC,2015,"4,48%","7,61%",1.434.852,13.653.707,611.911,8.036.005
KBC,2016,"3,80%","6,47%",1.972.459,14.657.548,557.370,8.621.090
KBC,2017,"3,70%","6,47%",1.260.199,15.779.768,584.522,9.038.107
KBC,2018,"4,41%","7,58%",2.491.179,16.909.732,746.155,9.837.358
KBC,2019,"5,59%","8,85%",3.209.906,16.432.990,918.362,10.381.131
KBC,2020,"0,94%","2,10%",2.150.963,23.785.878,224.033,10.652.995
KBC,2021,"2,56%","4,84%",4.245.982,30.603.980,782.304,16.171.359
KBC,2022,"4,37%","8,55%",950.266,34.906.513,1.526.351,17.845.519
KBC,2023,"6,07%","10,04%",5.618.475,33.434.220,2.030.699,20.220.873
KBC,2024,"0,85%","1,85%",2.775.773,44.729.925,381.924,20.644.906
KBC,2025,"3,02%","7,87%",6.687.126,69.581.174,2.103.625,26.725.844
KDH,2015,"3,05%","6,22%",1.049.940,8.541.570,260.419,4.185.345
KDH,2016,"4,68%","8,45%",3.931.643,7.936.912,371.775,4.397.812
KDH,2017,"5,17%","8,11%",3.054.812,9.716.622,502.251,6.190.897
KDH,2018,"7,90%","11,71%",2.916.595,10.227.895,808.078,6.899.499
KDH,2019,"6,91%","11,94%",2.813.353,13.237.325,915.233,7.664.360
KDH,2020,"8,27%","14,13%",4.532.069,13.934.472,1.152.766,8.158.100
KDH,2021,"8,37%","11,76%",3.738.368,14.372.699,1.202.474,10.221.205
KDH,2022,"5,12%","9,35%",2.911.963,21.539.251,1.102.954,11.794.533
KDH,2023,"2,70%","4,61%",2.087.771,26.480.720,715.674,15.522.904
KDH,2024,"2,63%","4,17%",3.278.584,30.757.720,810.414,19.453.434
KDH,2025,"3,07%","5,64%",4.651.105,34.074.020,1.045.471,18.522.858
SSH,2015,,,,,,
SSH,2016,,,,,,
SSH,2017,,,,,,
SSH,2018,,,,,,
SSH,2019,"7,70%","15,24%",1.573.852,5.800.799,446.685,2.931.631
SSH,2020,"1,93%","7,61%",1.507.695,10.013.226,192.928,2.535.602
SSH,2021,"3,06%","11,51%",1.352.700,9.753.181,298.308,2.591.340
SSH,2022,"1,61%","5,90%",858.295,19.326.948,310.824,5.270.660
SSH,2023,"8,80%","19,88%",2.901.240,13.200.835,1.161.235,5.840.447
SSH,2024,"5,59%","12,34%",2.933.923,14.394.873,804.353,6.519.554
SSH,2025,"-3,29%","-6,54%",597.089,12.139.247,-399.286,6.107.750
VPI,2015,"-0,17%","-1,02%",223.333,2.110.483,-3.505,343.903
VPI,2016,"0,66%","4,92%",772.104,2.693.511,17.896,363.505
VPI,2017,"11,28%","20,70%",875.449,3.737.475,421.718,2.036.804
VPI,2018,"6,27%","17,16%",2.152.086,6.722.364,421.646,2.457.569
VPI,2019,"5,64%","18,81%",3.057.265,8.972.345,506.343,2.691.168
VPI,2020,"3,10%","10,17%",2.164.999,9.703.534,300.922,2.958.224
VPI,2021,"3,54%","10,26%",2.610.596,9.835.484,348.132,3.394.445
VPI,2022,"4,86%","14,36%",2.152.086,11.095.990,539.690,3.758.707
VPI,2023,"3,96%","12,51%",1.864.842,12.530.858,496.225,3.966.629
VPI,2024,"2,95%","6,47%",1.897.331,11.138.519,328.475,5.074.140
VPI,2025,"2,65%","7,14%",1.976.352,14.727.969,390.644,5.474.402
DIG,2015,"0,21%","0,39%",655.225,5.089.310,10.461,2.656.336
DIG,2016,"0,99%","2,09%",1.151.929,5.875.806,58.446,2.798.061
DIG,2017,"3,23%","6,79%",1.593.711,6.083.230,196.235,2.890.561
DIG,2018,"4,74%","10,06%",2.345.008,6.832.108,323.992,3.219.360
DIG,2019,"4,77%","9,75%",2.115.744,8.197.229,390.990,4.009.446
DIG,2020,"6,01%","14,85%",2.487.174,11.826.163,711.238,4.790.129
DIG,2021,"5,85%","12,85%",2.568.689,16.846.905,986.154,7.671.483
DIG,2022,"0,98%","1,85%",1.896.689,14.747.796,144.128,7.794.735
DIG,2023,"0,71%","1,50%",1.025.747,16.827.607,118.727,7.893.558
DIG,2024,"0,62%","1,42%",1.300.999,18.539.324,114.536,8.041.311
DIG,2025,"3,41%","6,45%",4.717.667,18.959.639,646.459,10.025.617
PDR,2015,"2,07%","6,86%",402.514,7.540.835,155.728,2.270.832
PDR,2016,"2,69%","10,09%",1.496.666,9.002.350,242.520,2.403.797
PDR,2017,"4,42%","15,56%",1.326.626,9.948.855,439.880,2.826.881
PDR,2018,"5,82%","18,32%",2.147.709,11.057.426,643.317,3.511.626
PDR,2019,"6,26%","20,01%",3.400.186,13.961.379,874.139,4.368.929
PDR,2020,"7,81%","23,49%",3.911.212,15.617.490,1.220.117,5.194.277
PDR,2021,"9,07%","22,90%",3.620.224,20.551.879,1.865.004,8.144.511
PDR,2022,"4,98%","12,28%",1.504.575,22.843.296,1.137.263,9.260.530
PDR,2023,"3,25%","7,14%",617.515,21.067.823,684.059,9.579.392
PDR,2024,"0,65%","1,40%",821.691,23.985.552,155.088,11.058.509
PDR,2025,"1,89%","4,15%",1.324.975,27.270.247,515.070,12.423.939
CEO,2015,"5,32%","12,69%",639.404,2.621.012,139.432,1.099.046
CEO,2016,"4,09%","10,02%",1.410.434,3.834.549,156.983,1.566.577
CEO,2017,"3,14%","7,94%",1.832.799,5.652.286,177.650,2.238.283
CEO,2018,"2,65%","9,03%",2.246.238,8.422.490,223.232,2.471.279
CEO,2019,"5,57%","12,22%",4.550.055,8.037.362,447.910,3.665.754
CEO,2020,"-0,90%","-1,94%",1.323.835,7.438.270,-67.165,3.456.345
CEO,2021,"1,32%","2,64%",901.811,7.050.052,93.150,3.534.352
CEO,2022,"3,95%","7,50%",2.548.999,7.060.487,278.907,3.719.155
CEO,2023,"1,60%","2,41%",1.393.473,9.424.848,150.764,6.246.056
CEO,2024,"2,12%","3,01%",1.307.936,8.957.583,190.154,6.312.301
CEO,2025,"2,03%","2,75%",1.338.663,8.730.058,177.282,6.441.658
DXG,2015,"9,42%","19,00%",1.394.505,3.573.347,336.629,1.771.359
DXG,2016,"9,66%","15,19%",2.506.517,5.562.791,537.204,3.537.355
DXG,2017,"7,32%","16,13%",2.879.241,10.264.403,750.891,4.653.845
DXG,2018,"8,58%","19,01%",4.645.319,13.728.715,1.178.427,6.199.094
DXG,2019,"6,12%","13,18%",5.813.578,19.880.517,1.216.515,9.227.821
DXG,2020,"-2,13%","-5,46%",2.890.654,23.311.433,-495.745,9.084.041
DXG,2021,"4,10%","8,65%",10.089.385,28.254.061,1.157.260,13.381.475
DXG,2022,"0,71%","1,53%",5.511.715,30.320.666,214.869,14.084.932
DXG,2023,"0,60%","1,21%",3.724.826,28.786.441,171.983,14.186.368
DXG,2024,"0,88%","1,68%",4.795.471,29.183.374,255.935,15.202.281
DXG,2025,"0,96%","1,74%",4.191.885,38.014.589,363.942,20.882.509
GEL,2015,,,,,,
GEL,2016,,,,,,
GEL,2017,,,,,,
GEL,2018,,,,,,
GEL,2019,,,,,,
GEL,2020,,,,,,
GEL,2021,,,,,,
GEL,2022,"4,87%","10,05%",15.354.257,32.723.500,1.593.485,15.849.884
GEL,2023,"2,60%","6,18%",14.137.115,37.800.143,981.860,15.899.469
GEL,2024,"3,09%","6,58%",12.712.652,35.575.805,1.098.752,16.686.510
GEL,2025,"2,97%","7,35%",14.301.759,46.925.726,1.393.742,18.962.402
PWA,2015,,,,,,
PWA,2016,,,,,,
PWA,2017,"0,20%","1,05%",21.726,556.515,1.097,104.858
PWA,2018,"3,07%","19,58%",85.999,697.787,21.446,109.537
PWA,2019,"8,05%","35,42%",418.483,535.852,43.114,121.718
PWA,2020,"10,51%","28,16%",295.115,335.364,35.261,125.206
PWA,2021,"-14,03%","-44,97%",17.588,280.915,-39.403,87.621
PWA,2022,"-3,28%","-10,52%",15.023,256.241,-8.398,79.796
PWA,2023,"-2,16%","-6,05%",19.273,211.560,-4.562,75.451
PWA,2024,"-1,04%","-2,90%",11.103,202.947,-2.114,73.003
PWA,2025,"4,31%","11,18%",25.087,199.404,8.596,76.859
TIG,2015,"10,06%","12,16%",310.779,864.957,87.047,715.840
TIG,2016,"4,64%","5,20%",177.617,946.204,43.904,844.931
TIG,2017,"5,22%","6,31%",186.837,1.046.647,54.630,865.378
TIG,2018,"5,25%","5,94%",259.746,1.130.528,59.380,999.824
TIG,2019,"7,74%","9,53%",303.786,1.499.508,116.070,1.217.366
TIG,2020,"3,92%","5,58%",471.498,1.857.035,72.831,1.304.415
TIG,2021,"5,54%","9,70%",906.313,3.518.555,194.890,2.008.994
TIG,2022,"5,26%","9,09%",943.537,4.315.723,227.222,2.500.450
TIG,2023,"5,36%","8,60%",1.232.618,4.141.564,222.119,2.582.760
TIG,2024,"4,33%","8,43%",1.495.660,4.073.402,176.551,2.094.752
TIG,2025,"1,82%","3,43%",1.072.169,4.079.990,74.385,2.170.349
SGR,2015,"2,20%","9,17%",128.288,900.499,19.815,216.011
SGR,2016,"17,35%","56,04%",1.079.179,1.574.514,273.135,487.352
SGR,2017,"9,01%","24,17%",532.786,1.549.509,139.653,577.681
SGR,2018,"6,41%","18,84%",376.436,1.966.352,126.116,669.512
SGR,2019,"4,25%","12,85%",121.323,2.094.544,89.051,693.079
SGR,2020,"5,21%","13,66%",76.647,1.956.899,101.865,745.741
SGR,2021,"1,74%","4,99%",172.807,1.998.571,34.816,697.602
SGR,2022,"10,77%","24,47%",654.438,1.999.085,215.379,880.018
SGR,2023,"4,98%","11,11%",99.165,2.047.846,102.017,918.276
SGR,2024,"2,63%","6,08%",151.466,2.252.296,59.228,974.768
SGR,2025,"2,86%","5,46%",218.631,2.736.864,78.255,1.433.652
VGC,2015,"2,82%","9,94%",7.819.905,11.663.300,328.387,3.302.134
VGC,2016,"3,96%","11,76%",8.138.779,12.989.462,513.750,4.367.114
VGC,2017,"3,74%","8,93%",9.196.506,16.034.245,600.137,6.719.744
VGC,2018,"3,42%","8,23%",8.812.096,16.533.192,565.495,6.871.919
VGC,2019,"3,28%","9,23%",10.145.642,19.887.754,651.502,7.055.076
VGC,2020,"2,82%","8,55%",9.433.049,21.323.240,600.750,7.024.115
VGC,2021,"5,56%","14,64%",11.194.313,21.997.051,1.223.652,8.356.844
VGC,2022,"7,53%","19,02%",14.592.450,22.958.921,1.728.187,9.085.429
VGC,2023,"5,05%","12,79%",13.193.818,24.100.190,1.218.120,9.524.318
VGC,2024,"4,45%","11,10%",11.906.356,24.827.419,1.104.735,9.953.000
VGC,2025,"5,31%","12,13%",13.314.758,26.436.635,1.403.242,11.570.893
OGC,2015,"8,98%","30,48%",929.713,6.920.109,621.262,2.038.279
OGC,2016,"-12,09%","-60,75%",1.170.774,6.020.997,-727.936,1.198.195
OGC,2017,"-8,82%","-55,98%",1.133.714,5.354.709,-472.517,844.155
OGC,2018,"0,55%","2,97%",1.242.730,4.714.935,26.014,874.765
OGC,2019,"1,75%","9,81%",1.208.926,4.263.864,74.625,760.795
OGC,2020,"2,96%","9,01%",903.545,3.760.343,111.310,1.234.896
OGC,2021,"-2,59%","-7,49%",409.277,2.932.844,-75.970,1.013.950
OGC,2022,"1,35%","3,80%",1.011.062,2.986.914,40.439,1.063.505
OGC,2023,"1,97%","6,04%",984.685,4.767.834,94.080,1.557.099
OGC,2024,"2,65%","6,88%",1.006.899,4.508.611,119.298,1.734.999
OGC,2025,"1,51%","3,53%",1.141.408,4.449.009,67.112,1.898.922
VC3,2015,"3,49%","17,73%",477.037,1.232.421,42.965,242.305
VC3,2016,"6,51%","25,11%",557.042,1.157.266,75.304,299.950
VC3,2017,"5,54%","13,09%",542.239,785.519,43.501,332.441
VC3,2018,"2,50%","5,50%",290.305,843.835,21.077,383.562
VC3,2019,"4,90%","11,57%",330.006,1.025.506,50.281,434.479
VC3,2020,"1,04%","1,90%",122.075,1.331.255,13.852,727.417
VC3,2021,"4,03%","7,82%",200.867,1.519.857,61.202,782.760
VC3,2022,"1,98%","6,12%",514.210,3.713.348,73.392,1.199.091
VC3,2023,"4,18%","10,52%",806.322,3.368.739,140.972,1.340.239
VC3,2024,"2,12%","4,66%",611.368,3.086.772,65.466,1.405.753
VC3,2025,"3,29%","6,71%",607.677,3.030.224,99.765,1.487.058
VPI,2015,"-0,17%","-1,02%",223.333,2.110.483,-3.505,343.903
VPI,2016,"0,66%","4,92%",772.104,2.693.511,17.896,363.505
VPI,2017,"11,28%","20,70%",875.449,3.737.475,421.718,2.036.804
VPI,2018,"6,27%","17,16%",258.265,6.722.364,421.646,2.457.569
VPI,2019,"5,64%","18,81%",3.057.265,8.972.345,506.343,2.691.168
VPI,2020,"3,10%","10,17%",2.164.999,9.703.534,300.922,2.958.224
VPI,2021,"3,54%","10,26%",2.610.596,9.835.484,348.132,3.394.445
VPI,2022,"4,86%","14,36%",2.152.086,11.095.990,539.690,3.758.707
VPI,2023,"3,96%","12,51%",1.864.842,12.530.858,496.225,3.966.629
VPI,2024,"2,95%","6,47%",1.897.331,11.138.519,328.475,5.074.140
VPI,2025,"2,65%","7,14%",1.976.352,14.727.969,390.644,5.474.402
KHG,2015,,,,,,
KHG,2016,,,,,,
KHG,2017,,,,,,
KHG,2018,"1,16%","1,31%",171.055,1.413.807,16.433,1.251.213
KHG,2019,"0,73%","0,81%",136.65,1.399.746,10.156,1.261.369
KHG,2020,"4,08%","5,50%",302.97,2.370.523,96.706,1.758.075
KHG,2021,"6,44%","8,80%",1.288.142,6.420.340,413.504,4.697.378
KHG,2022,"6,28%","8,61%",1.396.204,7.044.645,442.469,5.139.847
KHG,2023,"0,40%","0,49%",330.53,6.390.734,25.361,5.165.208
KHG,2024,"0,83%","1,05%",309.842,6.591.186,54.626,5.219.834
KHG,2025,"0,98%","1,30%",601.302,6.994.484,68.709,5.289.632
DXS,2015,,,,,,
DXS,2016,,,,,,
DXS,2017,,,,,,
DXS,2018,"17,40%","46,58%",2.479.153,5.982.843,1.041.174,2.235.162
DXS,2019,"18,16%","32,15%",4.090.733,8.993.139,1.632.944,5.078.529
DXS,2020,"10,23%","19,45%",3.249.212,11.095.041,1.135.538,5.839.337
DXS,2021,"5,77%","11,25%",4.328.806,15.147.811,873.462,7.763.525
DXS,2022,"3,19%","6,40%",4.096.290,16.602.259,529.940,8.284.884
DXS,2023,"-1,04%","-1,98%",1.997.404,15.457.120,-160.262,8.102.944
DXS,2024,"1,65%","2,98%",2.437.887,15.068.519,248.079,8.316.413
DXS,2025,"3,11%","5,93%",3.966.299,16.842.602,523.442,8.832.413
NLG,2015,"4,15%","8,60%",1.258.544,5.022.018,208.589,2.426.495
NLG,2016,"6,24%","12,31%",2.533.799,6.208.809,387.570,3.147.274
NLG,2017,"9,56%","20,31%",3.161.312,7.905.948,756.165,3.722.748
NLG,2018,"9,27%","19,29%",3.479.608,9.574.400,887.193,4.600.315
NLG,2019,"9,24%","16,25%",2.546.101,10.904.394,1.007.273,6.199.933
NLG,2020,"6,23%","12,65%",2.216.719,13.642.706,850.327,6.720.338
NLG,2021,"6,26%","10,93%",5.205.519,23.617.638,1.477.959,13.527.665
NLG,2022,"3,20%","6,50%",4.338.841,27.084.709,865.546,13.315.130
NLG,2023,"2,80%","5,92%",3.181.422,28.611.223,800.477,13.532.755
NLG,2024,"4,58%","9,52%",7.196.050,30.318.114,1.387.389,14.568.926
NLG,2025,"3,56%","6,38%",5.645.087,26.564.516,946.309,14.824.244
HDC,2015,"4,06%","7,66%",423.552,1.197.205,48.610,634.389
HDC,2016,"4,17%","8,88%",478.861,1.424.146,59.342,667.972
HDC,2017,"5,40%","11,32%",410.121,1.501.815,81.066,716.022
HDC,2018,"6,47%","13,20%",715.260,1.638.446,105.973,802.792
HDC,2019,"5,93%","12,61%",824.544,2.463.325,146.005,1.157.577
HDC,2020,"6,94%","20,25%",838.973,3.332.284,231.281,1.142.139
HDC,2021,"8,24%","20,97%",1.352.323,3.776.882,311.249,1.483.977
HDC,2022,"9,51%","22,57%",1.298.031,4.421.841,420.619,1.863.772
HDC,2023,"2,81%","6,92%",665.457,4.698.875,131.972,1.908.013
HDC,2024,"1,37%","2,94%",546.228,4.877.377,66.905,2.272.109
HDC,2025,"10,54%","21,83%",456.498,6.082.167,641.228,2.936.750
HHS,2015,"16,37%","17,42%",3.507.998,2.937.879,481.001,2.761.169
HHS,2016,"4,39%","4,52%",1.576.843,3.152.397,138.515,3.067.125
HHS,2017,"2,72%","2,86%",1.234.787,3.378.239,91.989,3.220.194
HHS,2018,"5,24%","5,63%",1.151.745,3.505.642,183.558,3.260.230
HHS,2019,"5,25%","5,54%",590.396,3.627.724,190.279,3.432.064
HHS,2020,"7,20%","7,59%",605.482,3.946.663,284.192,3.742.103
HHS,2021,"5,46%","5,90%",516.363,4.265.257,232.770,3.942.043
HHS,2022,"4,94%","5,33%",385.295,4.492.591,221.997,4.166.137
HHS,2023,"7,45%","7,73%",366.575,4.673.591,348.148,4.501.281
HHS,2024,"6,70%","7,58%",571.225,5.476.785,367.193,4.846.403
HHS,2025,"15,17%","21,60%",892.760,23.428.211,3.553.215,16.452.359
IDJ,2015,"0,01%","0,01%",13.612,277.339,41,274.273
IDJ,2016,"-2,29%","-2,37%",25.568,276.851,-6.329,267.376
IDJ,2017,"0,94%","1,12%",301.816,321.328,3.017,270.220
IDJ,2018,"11,82%","16,06%",245.133,437.219,51.693,321.840
IDJ,2019,"2,10%","8,25%",378.185,1.389.695,29.155,353.555
IDJ,2020,"3,21%","19,54%",410.721,2.455.335,78.759,403.088
IDJ,2021,"5,87%","20,52%",893.403,3.455.629,202.807,988.154
IDJ,2022,"3,12%","7,59%",816.873,4.729.214,147.495,1.944.309
IDJ,2023,"2,34%","5,33%",862.044,4.684.044,109.395,2.053.718
IDJ,2024,"2,27%","4,56%",717.532,4.210.442,95.605,2.097.265
IDJ,2025,"-3,13%","-5,23%",1.058.640,3.330.305,-104.196,1.993.078
NRC,2015,,,,,,
NRC,2016,"5,82%","5,90%",2.379,32.468,1.889,31.997
NRC,2017,"12,43%","20,58%",90.116,260.060,32.329,157.112
NRC,2018,"13,99%","34,33%",176.745,502.612,70.335,204.876
NRC,2019,"10,12%","20,58%",532.656,855.842,86.599,420.742
NRC,2020,"8,08%","13,01%",207.249,768.639,62.127,477.489
NRC,2021,"9,77%","17,09%",444.037,2.022.856,197.610,1.155.974
NRC,2022,"-3,18%","-5,66%",194.245,2.276.809,-72.513,1.282.005
NRC,2023,"0,57%","0,92%",4.629,2.083.205,11.929,1.293.904
NRC,2024,"-7,11%","-11,87%",5.149,1.929.368,-137.237,1.155.974
NRC,2025,"0,45%","0,76%",91.608,1.970.303,8.818,1.167.502
SCG,2015,,,,,,
SCG,1026,,,,,,
SCG,2017,,,,,,
SCG,2018,,,,,,
SCG,2019,"1,34%","5,10%",128.303,401.885,5.377,105.377
SCG,2020,"6,71%","15,14%",1.420.346,1.344.048,90.175,595.552
SCG,2021,"4,06%","17,72%",2.857.280,4.871.164,197.821,1.116.529
SCG,2022,"0,44%","2,92%",1.742.069,7.505.301,33.281,1.140.105
SCG,2023,"0,30%","1,75%",793.598,6.799.012,20.355,1.161.219
SCG,2024,"2,33%","14,55%",2.705.065,8.501.550,197.821,1.359.542
SCG,2025,"2,75%","19,20%",6.520.581,11.762.359,323.103,1.682.606
LDG,2015,"6,67%","15,40%",519.862,2.314.636,154.319,1.002.117
LDG,2016,"5,66%","13,45%",496.560,2.805.536,158.740,1.180.200
LDG,2017,"7,76%","14,12%",663.317,3.645.523,282.894,2.004.008
LDG,2018,"12,39%","23,47%",1.718.949,4.869.110,603.154,2.570.233
LDG,2019,"10,31%","19,32%",784.58,5.848.491,603.229,3.123.026
LDG,2020,"0,23%","0,42%",1.388.440,5.531.704,12.910,3.104.404
LDG,2021,"2,06%","4,34%",321.282,6.841.069,140.653,3.243.923
LDG,2022,"0,05%","0,13%",193.172,7.860.785,4.243,3.241.936
LDG,2023,"-7,26%","-19,42%",-36.509,7.265.457,-527.174,2.713.917
LDG,2024,"-24,46%","-124,33%",-173.233,6.157.209,-1.505.752,1.211.097
LDG,2025,"1,15%","7,11%",403.021,8.040.290,92.726,1.303.824
HDG,2015,"4,04%","9,45%",1.479.927,3.054.981,123.459,1.306.733
HDG,2016,"3,52%","12,84%",1.988.494,6.700.316,235.570,1.834.018
HDG,2017,"2,12%","8,56%",2.296.976,8.415.503,178.375,2.084.146
HDG,2018,"5,71%","23,54%",3.221.442,11.086.580,633.433,2.690.685
HDG,2019,"6,72%","28,40%",4.342.517,13.866.321,931.687,3.280.371
HDG,2020,"7,06%","24,62%",4.998.578,13.878.648,979.142,3.977.421
HDG,2021,"6,90%","20,34%",3.777.436,15.891.544,1.096.498,5.390.330
HDG,2022,"7,25%","16,73%",3.581.191,15.104.924,1.095.618,6.548.012
HDG,2023,"4,61%","9,20%",2.889.384,14.438.352,665.078,7.228.748
HDG,2024,"2,51%","4,72%",2.717.613,13.849.363,348.310,7.375.981
HDG,2025,"5,25%","9,17%",2.786.540,14.685.890,770.390,8.398.383
DLG,2015,"1,19%","3,76%",1.637.715,6.815.607,81.061,2.156.440
DLG,2016,"0,94%","2,47%",2.477.282,7.010.968,65.727,2.658.683
DLG,2017,"0,71%","1,77%",2.897.509,8.312.491,59.362,3.351.760
DLG,2018,"0,16%","0,41%",2.914.292,8.712.258,14.353,3.482.155
DLG,2019,"-0,09%","-0,22%",2.873.263,8.614.513,-7.459,3.430.054
DLG,2020,"-11,30%","-37,09%",2.034.492,8.230.569,-929.778,2.506.555
DLG,2021,"0,17%","0,51%",1.544.442,7.070.349,11.793,2.318.835
DLG,2022,"-21,33%","-107,95%",1.347.872,5.611.846,-1.197.177,1.109.021
DLG,2023,"-11,46%","-109,71%",1.122.334,5.051.949,-578.740,527.515
DLG,2024,"5,61%","32,46%",1.058.722,4.348.369,244.031,751.873
DLG,2025,"9,90%","41,91%","699,212",4.215.910,417.197,995.422
IDC,2015,"1,55%","6,88%",4.609.292,13.110.842,203.136,2.952.927
IDC,2016,"3,10%","11,03%",4.422.688,12.517.744,388.658,3.524.162
IDC,2017,"0,75%","2,82%",4.920.866,14.361.473,107.117,3.798.481
IDC,2018,"1,51%","4,99%",4.154.513,13.864.800,208.765,4.183.561
IDC,2019,"2,41%","8,14%",4.928.746,14.315.622,344.697,4.232.603
IDC,2020,"2,08%","6,94%",4.541.856,14.622.957,304.426,4.389.202
IDC,2021,"2,83%","9,04%",4.301.236,16.075.835,454.308,5.028.037
IDC,2022,"10,39%","28,84%",7.485.390,17.013.411,1.767.507,6.127.923
IDC,2023,"7,86%","22,46%",7.237.032,17.720.446,1.393.647,6.204.915
IDC,2024,"10,62%","27,69%",8.846.411,18.800.161,1.996.055,7.207.648
IDC,2025,"8,33%","23,38%",8.588.150,23.201.491,1.931.791,8.263.031
KOS,2015,"0,17%","0,28%",3.858,278.520,465,167.085
KOS,2016,"3,95%","5,04%",150.576,519.956,20.536,407.621
KOS,2017,"3,55%","5,90%",407.689,747.138,26.519,449.140
KOS,2018,"2,63%","4,04%",900.018,1.711.132,45.064,1.116.704
KOS,2019,"1,05%","1,76%",1.062.828,1.908.703,20.063,1.136.767
KOS,2020,"1,00%","1,89%",1.308.626,2.198.472,21.912,1.158.678
KOS,2021,"0,58%","1,00%",1.106.568,3.874.815,22.549,2.263.541
KOS,2022,"0,45%","0,96%",1.343.460,4.835.564,21.830,2.285.227
KOS,2023,"0,44%","0,92%",1.315.815,4.752.985,21.138,2.306.365
KOS,2024,"0,45%","0,94%",1.438.927,4.851.309,21.739,2.318.635
KOS,2025,"0,39%","0,82%",1.555.288,4.866.349,19.067,2.337.702
SZC,2015,"2,92%","5,65%",155.385,2.131.521,62.320,1.103.312
SZC,2016,"2,42%","4,05%",101.363,1.820.810,44.140,1.089.720
SZC,2017,"3,30%","6,50%",219.670,2.201.412,72.703,1.118.180
SZC,2018,"3,77%","8,42%",290.230,2.581.010,97.352,1.156.406
SZC,2019,"4,34%","11,22%",329.422,3.089.826,134.129,1.195.935
SZC,2020,"4,21%","14,71%",432.981,4.417.746,186.001,1.264.237
SZC,2021,"5,76%","22,08%",713.222,5.616.375,323.629,1.465.585
SZC,2022,"3,12%","12,86%",858.889,6.334.996,197.367,1.534.252
SZC,2023,"3,14%","12,60%",817.946,6.961.129,218.873,1.737.315
SZC,2024,"3,67%","9,73%",870.683,8.225.800,302.127,3.105.551
SZC,2025,"4,22%","10,77%",1.097.946,8.171.471,344.801,3.202.889
FIR,2015,"7,69%","9,95%",3.675,2.587,199,2.000
FIR,2016,"10,06%","11,25%",9.741,25.208,2.535,22.535
FIR,2017,"6,21%","10,27%",60.760,245.687,15.249,148.481
FIR,2018,"11,79%","34,13%",176.269,652.463,76.941,225.440
FIR,2019,"20,51%","29,00%",327.863,450.217,92.324,318.405
FIR,2020,"8,79%","13,23%",176.157,549.608,48.324,365.373
FIR,2021,"6,27%","9,81%",196.415,633.469,39.745,405.219
FIR,2022,"8,80%","15,86%",384.512,1.302.864,114.590,722.336
FIR,2023,"1,36%","2,57%",169.125,1.402.922,19.087,741.423
FIR,2024,"0,05%","0,08%",123.962,1.339.408,611,742.033
FIR,2025,"0,16%","0,26%",108.263,1.236.558,1.968,744.000
SJS,2015,"3,93%","11,31%",855.452,5.734.361,225.105,1.990.459
SJS,2016,"3,00%","8,47%",514.269,5.969.111,178.993,2.112.258
SJS,2017,"2,09%","5,77%",-20.166,6.284.643,131.256,2.275.437
SJS,2018,"1,70%","4,87%",467.073,6.451.992,109.587,2.251.956
SJS,2019,"1,58%","4,69%",695.959,6.652.903,104.849,2.235.291
SJS,2020,"0,43%","1,42%",1.135.902,7.047.540,30.565,2.153.376
SJS,2021,"0,93%","2,95%",747.036,6.946.047,64.778,2.198.791
SJS,2022,"1,77%","4,65%",379.811,6.779.528,119.686,2.575.443
SJS,2023,"2,48%","6,71%",416.024,7.473.979,185.337,2.761.587
SJS,2024,"3,42%","8,97%",646.015,7.844.263,268.508,2.993.878
SJS,2025,"4,59%","10,49%",750.726,7.880.010,361.321,3.445.351
ASM,2015,"2,19%","3,52%",880.616,3.908.502,85.631,2.436.158
ASM,2016,"3,55%","6,55%",1.406.490,4.880.522,173.117,2.644.574
ASM,2017,"3,10%","6,13%",2.100.781,5.610.793,174.212,2.841.505
ASM,2018,"8,67%","18,10%",8.887.128,11.975.460,1.038.544,5.737.393
ASM,2019,"4,08%","10,11%",14.223.773,15.596.312,636.925,6.301.872
ASM,2020,"2,70%","6,92%",12.524.614,17.604.595,475.464,6.872.109
ASM,2021,"3,30%","7,93%",11.397.926,18.169.114,600.437,7.576.340
ASM,2022,"3,29%","8,02%",13.749.222,19.086.345,628.390,7.839.818
ASM,2023,"0,96%","2,49%",11.973.154,20.307.453,195.034,7.826.282
ASM,2024,"0,79%","2,24%",12.013.118,22.856.056,180.854,8.087.735
ASM,2025,"0,16%","0,46%",11.317.469,23.476.528,37.712,8.213.442
NDN,2015,"11,76%","14,50%",242.135,499.712,58.776,405.457
NDN,2016,"6,60%","8,58%",281.812,663.155,43.789,510.317
NDN,2017,"11,29%","15,62%",228.189,775.451,87.539,560.251
NDN,2018,"5,17%","15,39%",171.375,1.701.144,88.023,572.089
NDN,2019,"3,13%","10,21%",41.620,2.186.561,68.446,670.539
NDN,2020,"14,93%","33,37%",874.068,2.204.327,329.174,986.558
NDN,2021,"15,34%","23,67%",509.429,1.641.851,251.788,1.063.908
NDN,2022,"-9,55%","-15,94%",3.424,1.497.218,-142.961,896.654
NDN,2023,"16,46%","20,72%",435.757,1.325.203,218.146,1.052.745
NDN,2024,"2,83%","3,32%",55.617,1.277.801,36.176,1.088.771
NDN,2025,"13,07%","13,74%",26.564,1.300.950,170.082,1.237.886
NTL,2015,"7,35%","10,53%",473.237,1.277.582,93.953,892.604
NTL,2016,"5,43%","7,78%",433.359,1.376.714,74.756,961.381
NTL,2017,"5,81%","9,57%",301.646,1.597.602,92.760,968.998
NTL,2018,"6,02%","10,18%",714.124,1.680.048,101.166,993.984
NTL,2019,"14,40%","21,89%",835.098,1.623.395,233.809,1.068.195
NTL,2020,"16,32%","25,37%",652.853,1.809.935,295.405,1.164.263
NTL,2021,"12,68%","19,36%",576.724,1.876.989,237.956,1.229.067
NTL,2022,"6,32%","8,47%",391.277,1.685.280,106.500,1.257.920
NTL,2023,"17,89%","24,91%",914.024,2.035.335,364.190,1.462.180
NTL,2024,"28,47%","35,27%",1.441.314,2.178.125,620.095,1.757.931
NTL,2025,"0,92%","1,08%",17.517,1.884.355,17.428,1.609.980
HPX,2015,"3,52%","14,65%",1.035.358,4.423.844,155.737,1.062.800
HPX,2016,"3,39%","12,99%",1.807.840,4.899.117,166.033,1.278.292
HPX,2017,"4,94%","15,57%",1.080.467,6.576.023,325.183,2.088.693
HPX,2018,"6,11%","17,68%",2.019.624,7.398.332,452.274,2.558.558
HPX,2019,"6,54%","14,93%",3.431.937,6.829.641,446.702,2.992.800
HPX,2020,"1,25%","2,55%",1.329.628,7.378.527,92.293,3.620.943
HPX,2021,"2,61%","7,09%",1.417.006,9.578.592,249.919,3.526.748
HPX,2022,"-0,64%","-1,85%",1.210.372,9.467.030,-60.410,3.258.048
HPX,2023,"1,53%","3,55%",1.680.274,8.296.949,127.349,3.587.767
HPX,2024,"0,75%","1,58%",1.615.672,7.701.602,57.447,3.633.974
HPX,2025,"1,43%","3,41%",1.142.739,8.475.818,121.335,3.553.441
AGG,2015,,,,,,
AGG,2016,"0,07%","3,81%",602.637,2.267.344,1.547,40.646
AGG,2017,"2,39%","33,84%",989.145,2.451.628,58.562,173.046
AGG,2018,"12,77%","36,62%",1.125.412,2.291.060,292.641,799.106
AGG,2019,"6,05%","22,46%",384.627,5.398.913,326.497,1.453.450
AGG,2020,"4,25%","17,87%",1.753.643,9.753.392,414.713,2.320.738
AGG,2021,"3,34%","15,67%",1.808.365,12.564.828,419.375,2.675.589
AGG,2022,"0,17%","0,70%",6.188.635,11.098.528,18.966,2.725.619
AGG,2023,"1,89%","6,10%",3.891.047,9.293.398,175.358,2.876.121
AGG,2024,"4,23%","9,48%",1.913.398,7.035.484,297.501,3.137.089
AGG,2025,"6,92%","10,79%",829.089,5.476.945,379.195,3.514.998
VPH,2015,"6,49%","18,22%",259.140,1.672.577,108.616,596.040
VPH,2016,"4,62%","12,40%",429.249,1.748.113,80.846,652.232
VPH,2017,"9,89%","19,92%",1.382.042,1.928.523,190.686,957.457
VPH,2018,"7,06%","13,94%",706.219,2.074.245,146.515,1.051.384
VPH,2019,"1,68%","2,95%",162.544,1.781.620,29.898,1.015.048
VPH,2020,"0,65%","1,31%",268.627,2.090.253,13.644,1.039.093
VPH,2021,"4,06%","7,79%",290.558,2.051.055,83.208,1.068.476
VPH,2022,"0,88%","1,92%",161.610,2.242.856,19.666,1.021.923
VPH,2023,"-0,04%","-0,08%",73.143,2.366.331,-852,1.020.416
VPH,2024,"6,70%","11,85%",47.404,1.931.877,129.522,1.092.591
VPH,2025,"-1,05%","-2,00%",134.648,1.956.538,-20.579,1.027.051
SIP,2015,"1,88%","8,76%",977.817,4.090.322,77.063,879.599
SIP,2016,"2,83%","14,85%",1.806.687,5.111.198,144.538,973.494
SIP,2017,"2,89%","17,54%",2.569.512,6.485.783,187.440,1.068.535
SIP,2018,"2,04%","16,03%",3.239.457,10.738.929,218.576,1.363.929
SIP,2019,"4,42%","31,36%",4.339.741,13.465.969,594.962,1.897.367
SIP,2020,"6,14%","36,92%",5.082.583,16.700.343,1.025.695,2.777.912
SIP,2021,"4,69%","25,33%",5.577.559,17.817.257,835.406,3.297.878
SIP,2022,"5,14%","26,69%",6.034.523,19.003.422,977.156,3.660.833
SIP,2023,"4,40%","23,01%",6.676.517,21.060.427,926.897,4.028.051
SIP,2024,"4,67%","24,04%",7.801.157,25.052.881,1.170.163,4.867.821
SIP,2025,"4,61%","22,75%",8.596.226,28.670.188,1.322.872,5.813.983
TEG,2015,"3,65%","3,71%",28.452,159.394,5.819,156.792
TEG,2016,"15,97%","16,81%",133.415,198.341,31.672,188.464
TEG,2017,"10,63%","13,08%",185.079,278.365,29.595,226.259
TEG,2018,"9,00%","12,33%",181.892,353.297,31.787,257.832
TEG,2019,"0,65%","0,82%",157.925,532.941,3.489,425.811
TEG,2020,"1,34%","1,68%",214.715,564.992,7.555,448.543
TEG,2021,"3,78%","5,04%",249.830,1.224.554,46.284,918.247
TEG,2022,"3,33%","4,28%",222.414,1.233.581,41.122,961.805
TEG,2023,"5,84%","6,98%",325.521,1.168.231,68.238,977.374
TEG,2024,"0,29%","0,34%",298.752,1.733.295,4.961,1.478.081
TEG,2025,"1,21%","1,49%",55.834,1.847.018,22.335,1.502.802
HAR,2015,"1,16%","1,24%",56.928,1.066.258,12.335,996.908
HAR,2016,"1,47%","1,75%",79.438,1.207.246,17.751,1.014.268
HAR,2017,"2,11%","2,70%",56.936,1.359.253,28.745,1.065.861
HAR,2018,"0,96%","1,08%",186.834,1.180.127,11.315,1.050.066
HAR,2019,"0,59%","0,64%",163.228,1.136.767,6.686,1.049.470
HAR,2020,"0,16%","0,19%",159.409,1.260.544,1.984,1.034.780
HAR,2021,"2,84%","3,33%",42.697,1.253.935,35.576,1.069.636
HAR,2022,"-3,91%","-4,25%",144.961,1.120.633,-43.792,1.031.298
HAR,2023,"3,35%","3,37%",18.272,1.071.589,35.939,1.066.874
HAR,2024,"0,91%","0,92%",17.815,1.079.949,9.857,1.076.538
HAR,2025,"1,56%","1,57%",16.535,1.096.763,17.152,1.093.432
TDH,2015,"1,82%","3,32%",882.376,2.529.328,45.937,1.383.578
TDH,2016,"3,87%","6,12%",1.060.296,2.800.625,108.294,1.770.950
TDH,2017,"4,55%","7,12%",1.840.018,2.873.316,130.685,1.835.349
TDH,2018,"2,53%","4,66%",2.400.065,4.561.541,115.425,2.476.278
TDH,2019,"2,61%","5,44%",3.929.434,5.327.383,139.303,2.559.707
TDH,2020,"-6,52%","-16,24%",1.961.050,5.570.559,-363.426,2.237.199
TDH,2021,"-51,14%","-151,76%",487.215,1.842.123,-942.055,620.773
TDH,2022,"0,35%","1,12%",172.747,1.418.433,4.935,438.677
TDH,2023,"-4,68%","-16,62%",120.442,1.333.502,-62.436,375.683
TDH,2024,"-44,44%","-432,28%",48.997,685.690,-304.690,70.485
TDH,2025,"15,82%","59,82%",122.781,685.441,108.446,181.291
LSG,2015,"1,86%","2,10%",10.605,1.039.732,19.356,919.917
LSG,2016,"1,81%","5,97%",232.807,3.177.548,57.439,961.644
LSG,2017,"0,08%","0,34%",37.475,4.024.014,3.260,962.997
LSG,2018,"0,05%","0,22%",45.526,3.916.656,2.121,962.718
LSG,2019,"0,85%","2,89%",0,3.369.124,28.534,988.852
LSG,2020,"0,92%","3,91%",0,4.361.742,40.152,1.026.604
LSG,2021,"0,40%","1,13%",0,2.900.075,11.711,1.035.915
LSG,2022,"2,01%","4,46%",0,2.302.832,2.6,1.036.115
LSG,2023,"0,26%","0,57%",950,2.328.589,5.981,1.041.196
LSG,2024,"0,12%","0,26%",3.425,2.355.418,2.732,1.043.028
LSG,2025,"0,95%","1,88%",08.02,2.153.703,20.505,1.090.175
NVT,2015,"1,16%","1,24%",56.928,1.066.258,12.335,996.908
NVT,2016,"1,47%","1,75%",79.438,1.207.246,17.751,1.014.268
NVT,2017,"1,71%","2,18%",56.936,1.359.253,23.235,1.065.861
NVT,2018,"0,96%","1,08%",186.834,1.180.127,11.381,1.050.066
NVT,2019,"0,59%","0,64%",163.228,1.136.767,6.684,1.049.470
NVT,2020,"0,16%","0,19%",159.409,1.260.544,1.985,1.034.780
NVT,2021,"2,84%","3,33%",42.697,1.253.935,35.573,1.069.636
NVT,2022,"1,75%","1,91%",144.961,1.120.633,19.666,1.031.298
NVT,2023,"3,35%","3,37%",18.272,1.071.589,35.939,1.066.874
NVT,2024,"0,91%","0,92%",17.815,1.079.949,9.857,1.076.538
NVT,2025,"1,56%","1,57%",16.535,1.096.763,17.152,1.093.432
HLD,2015,"6,96%","11,30%",341.550,737.010,51.267,453.552
HLD,2016,"7,45%","11,02%",124.695,700.244,52.138,472.999
HLD,2017,"6,94%","11,62%",382.845,833.276,57.797,497.277
HLD,2018,"9,48%","17,99%",438.743,774.660,73.404,408.011
HLD,2019,"10,40%","16,57%",420.135,729.299,75.865,457.807
HLD,2020,"12,12%","17,01%",182.028,612.484,74.262,436.507
HLD,2021,"2,65%","3,41%",80.925,574.181,15.221,446.026
HLD,2022,"0,80%","1,15%",35.450,608.038,4.879,422.644
HLD,2023,"0,56%","0,78%",13.536,592.539,3.301,424.839
HLD,2024,"0,19%","0,89%",28.959,2.023.313,3.820,427.257
HLD,2025,"0,70%","2,80%",277.024,2.707.811,18.970,678.449
VNI,2015,"-2,24%","-7,89%",6.087,278.539,-6.244,79.124
VNI,2016,"-6,81%","-29,34%",11.415,263.634,-17.941,61.139
VNI,2017,"-3,25%","-18,56%",5.428,294.403,-9.573,51.571
VNI,2018,"-0,93%","-6,81%",6.376,353.810,-3.299,48.413
VNI,2019,"-2,07%","-20,10%",9.433,391.403,-8.101,40.312
VNI,2020,"34,46%","12,75%",8.511,17.094,5.890,46.202
VNI,2021,"0,24%","2,23%",6.566,435.951,1.055,47.257
VNI,2022,"0,10%","1,50%",5.358,694.560,718,47.975
VNI,2023,"0,03%","0,47%",5.093,846.094,226,48.201
VNI,2024,"10,80%","60,83%",450.039,690.171,74.535,122.524
VNI,2025,"-0,28%","-1,65%",152.972,718.281,-1.991,120.533