Company,Year,COVID,ROA,ROE,Revenue,Total Assets,PAT,Asset Turnover Ratio,Equity,Nợ phải trả,LEV
VIC,2015,0,0.0084,0.0324,34047966,145494673,1215775,0.2340,37576843,107917829,0.742
VIC,2016,0,0.0135,0.0539,57614344,180450850,2439511,0.3193,45266395,135184455,0.749
VIC,2017,0,0.0209,0.0849,89350049,213792057,4462412,0.4179,52557010,161235047,0.754
VIC,2018,0,0.0131,0.0381,121894400,287974177,3776728,0.4233,99013715,188960462,0.656
VIC,2019,0,0.0187,0.0626,130036014,403740754,7545915,0.3221,120588589,283152165,0.701
VIC,2020,1,0.0129,0.0402,110490033,422503767,5464627,0.2615,135852715,286651052,0.678
VIC,2021,1,-0.0059,-0.0158,125687870,428384465,-2513883,0.2934,159571866,268812599,0.628
VIC,2022,0,0.0152,0.0647,101793582,577407240,8781861,0.1763,135655449,441751791,0.765
VIC,2023,0,0.0032,0.0146,161427568,667655767,2156925,0.2418,148221686,519434081,0.778
VIC,2024,0,0.0142,0.0774,189068040,836603903,11903028,0.2260,153834481,682769422,0.816
VIC,2025,0,0.0101,0.0769,331837561,1118622625,11349934,0.2966,147566342,967133690,0.865
VHM,2015,0,0.0314,0.1115,4920363,25306639,795075,0.1944,7128550,18178089,0.718
VHM,2016,0,0.0439,0.1726,11217376,37520746,1648549,0.2990,9548942,27971804,0.746
VHM,2017,0,0.0275,0.1392,15297312,51303819,1409642,0.2982,10123785,41180034,0.803
VHM,2018,0,0.1193,0.2967,38664328,119688756,14284453,0.3230,48144875,71543881,0.598
VHM,2019,0,0.1103,0.3360,51626931,197241028,21747376,0.2617,64715043,132525985,0.672
VHM,2020,1,0.1270,0.3069,71546737,215326377,27351280,0.3323,89129915,126196462,0.586
VHM,2021,1,0.1684,0.2955,84985606,230516471,38824562,0.3687,131407411,99109060,0.430
VHM,2022,0,0.0797,0.1941,62392603,361812647,28830869,0.1724,148521843,213290804,0.590
VHM,2023,0,0.0751,0.1827,103556722,444630675,33371407,0.2329,182636305,261994369,0.589
VHM,2024,0,0.0564,0.1441,102323186,564209360,31801258,0.1814,220743975,343465385,0.609
VHM,2025,0,0.0532,0.1681,153270923,787857267,41895255,0.1945,249216707,538640560,0.684
VRE,2015,0,0.0304,0.0732,5958137,35909784,1089884,0.1659,14884022,21025762,0.586
VRE,2016,0,0.0710,0.0987,6385889,34299150,2436561,0.1862,24683385,9615765,0.280
VRE,2017,0,0.0532,0.0777,5518240,38133237,2027447,0.1447,26094055,12039182,0.316
VRE,2018,0,0.0622,0.0843,9123952,38683683,2404386,0.2359,28509281,10174402,0.263
VRE,2019,0,0.0796,0.1058,9259257,35838691,2851480,0.2584,26953507,8885184,0.248
VRE,2020,1,0.0598,0.0812,8328918,39816432,2381855,0.2092,29335816,10480616,0.263
VRE,2021,1,0.0347,0.0429,5891141,37873488,1314510,0.1555,30650829,7222659,0.191
VRE,2022,0,0.0650,0.0831,7361437,42701088,2776057,0.1724,33424690,9276398,0.217
VRE,2023,0,0.0925,0.1165,9791335,47653731,4408600,0.2055,37826850,9826881,0.206
VRE,2024,0,0.0742,0.0977,8939117,55226155,4095780,0.1619,41922641,13303514,0.241
VRE,2025,0,0.1052,0.1333,8837380,61279149,6445924,0.1442,48368203,12910946,0.211
KSF,2015,0,,,,,,,,,
KSF,2016,0,,,,,,,,,
KSF,2017,0,,,,,,,,,
KSF,2018,0,-0.0027,-0.0055,1916314,5090234,-13708,0.3765,2485604,2604630,0.512
KSF,2019,0,0.0449,0.0817,1448982,4928223,221187,0.2940,2706791,2221431,0.451
KSF,2020,1,0.0180,0.1072,1241490,11185533,201705,0.1110,1882142,9303391,0.832
KSF,2021,1,0.0358,0.0589,1212592,10278663,367720,0.1180,6245504,4033159,0.392
KSF,2022,0,0.0291,0.0543,554619,12601063,367109,0.0440,6762360,5838702,0.463
KSF,2023,0,0.0076,0.0191,2469469,18245785,138888,0.1353,7279115,10966670,0.601
KSF,2024,0,0.0330,0.0987,2469469,20558337,679170,0.1201,6879244,13679093,0.665
KSF,2025,0,0.0708,0.4280,20198173,120143673,8502086,0.1681,19863271,100280401,0.835
BCM,2015,0,0.0094,0.0429,7337544,51471671,484962,0.1426,11315498,40156173,0.780
BCM,2016,0,0.0137,0.0603,7299657,57246332,786907,0.1275,13049644,44196688,0.772
BCM,2017,0,0.0160,0.0687,6879245,51201884,821476,0.1344,11962670,39239214,0.766
BCM,2018,0,0.0495,0.1652,6495404,45183740,2235754,0.1438,13530592,31653148,0.701
BCM,2019,0,0.0572,0.1579,8213443,43515596,2486921,0.1887,15750121,27765476,0.638
BCM,2020,1,0.0410,0.1155,6504738,48485332,1985550,0.1342,17187472,31297860,0.646
BCM,2021,1,0.0287,0.0819,6989749,48952441,1404559,0.1428,17144921,31807520,0.650
BCM,2022,0,0.0349,0.0939,6506378,48289575,1685043,0.1347,17945128,30344448,0.628
BCM,2023,0,0.0454,0.1244,7882566,53423902,2423169,0.1475,19472891,33951011,0.636
BCM,2024,0,0.0372,0.1058,5239237,58780758,2187091,0.0891,20679200,38101557,0.648
BCM,2025,0,0.0574,0.1498,6953015,60941012,3500888,0.1141,23371675,37569337,0.616
NVL,2015,0,0.0156,0.0682,6673435,26570409,415423,0.2512,6095209,20475199,0.771
NVL,2016,0,0.0456,0.1657,7359181,36527076,1665078,0.2015,10046890,26480186,0.725
NVL,2017,0,0.0411,0.1534,11632336,49466962,2033482,0.2352,13256391,36210571,0.732
NVL,2018,0,0.0462,0.1577,15290394,69912213,3227005,0.2187,20460126,49452087,0.707
NVL,2019,0,0.0381,0.1403,10930983,89979243,3431331,0.1215,24461074,65518169,0.728
NVL,2020,1,0.0271,0.1227,5026358,144536346,3919072,0.0348,31932147,112604198,0.779
NVL,2021,1,0.0160,0.0783,14902760,201833547,3224687,0.0738,41173113,160660434,0.796
NVL,2022,0,0.0084,0.0482,11134230,257734876,2162071,0.0432,44817730,212917146,0.826
NVL,2023,0,0.0025,0.0134,4756902,241486380,605578,0.0197,45302850,196183530,0.812
NVL,2024,0,-0.0271,-0.1365,9073375,237777981,-6454780,0.0382,47291024,190486956,0.801
NVL,2025,0,0.0074,0.0316,6965748,249907849,1861408,0.0279,58892990,191014858,0.764
KBC,2015,0,0.0448,0.0761,1434852,13653707,611911,0.1051,8036005,5617702,0.411
KBC,2016,0,0.0380,0.0647,1972459,14657548,557370,0.1346,8621090,6036458,0.412
KBC,2017,0,0.0370,0.0647,1260199,15779768,584522,0.0799,9038107,6741660,0.427
KBC,2018,0,0.0441,0.0758,2491179,16909732,746155,0.1473,9837358,7072374,0.418
KBC,2019,0,0.0559,0.0885,3209906,16432990,918362,0.1953,10381131,6051859,0.368
KBC,2020,1,0.0094,0.0210,2150963,23785878,224033,0.0904,10652995,13132883,0.552
KBC,2021,1,0.0256,0.0484,4245982,30603980,782304,0.1387,16171359,14432621,0.472
KBC,2022,0,0.0437,0.0855,950266,34906513,1526351,0.0272,17845519,17060994,0.489
KBC,2023,0,0.0607,0.1004,5618475,33434220,2030699,0.1680,20220873,13213348,0.395
KBC,2024,0,0.0085,0.0185,2775773,44729925,381924,0.0621,20644906,24085019,0.538
KBC,2025,0,0.0302,0.0787,6687126,69581174,2103625,0.0961,26725844,42855330,0.616
KDH,2015,0,0.0305,0.0622,1049940,8541570,260419,0.1229,4185345,4356226,0.510
KDH,2016,0,0.0468,0.0845,3931643,7936912,371775,0.4954,4397812,3539099,0.446
KDH,2017,0,0.0517,0.0811,3054812,9716622,502251,0.3144,6190897,3525725,0.363
KDH,2018,0,0.0790,0.1171,2916595,10227895,808078,0.2852,6899499,3328395,0.325
KDH,2019,0,0.0691,0.1194,2813353,13237325,915233,0.2125,7664360,5572965,0.421
KDH,2020,1,0.0827,0.1413,4532069,13934472,1152766,0.3252,8158100,5776372,0.415
KDH,2021,1,0.0837,0.1176,3738368,14372699,1202474,0.2601,10221205,4151494,0.289
KDH,2022,0,0.0512,0.0935,2911963,21539251,1102954,0.1352,11794533,9744717,0.452
KDH,2023,0,0.0270,0.0461,2087771,26480720,715674,0.0788,15522904,10957816,0.414
KDH,2024,0,0.0263,0.0417,3278584,30757720,810414,0.1066,19453434,11304286,0.368
KDH,2025,0,0.0307,0.0564,4651105,34074020,1045471,0.1365,18522858,12909740,0.379
SSH,2015,0,,,,,,,,,
SSH,2016,0,,,,,,,,,
SSH,2017,0,,,,,,,,,
SSH,2018,0,,,,,,,,,
SSH,2019,0,0.0770,0.1524,1573852,5800799,446685,0.2713,2931631,2869167,0.495
SSH,2020,1,0.0193,0.0761,1507695,10013226,192928,0.1506,2535602,7477624,0.747
SSH,2021,1,0.0306,0.1151,1352700,9753181,298308,0.1387,2591340,7161841,0.734
SSH,2022,0,0.0161,0.0590,858295,19326948,310824,0.0444,5270660,14056289,0.727
SSH,2023,0,0.0880,0.1988,2901240,13200835,1161235,0.2198,5840447,7360388,0.558
SSH,2024,0,0.0559,0.1234,2933923,14394873,804353,0.2038,6519554,7875319,0.547
SSH,2025,0,-0.0329,-0.0654,597089,12139247,-399286,0.0492,6107750,6031497,0.497
VPI,2015,0,-0.0017,-0.0102,223333,2110483,-3505,0.1058,343903,1766581,0.837
VPI,2016,0,0.0066,0.0492,772104,2693511,17896,0.2867,363505,2330006,0.865
VPI,2017,0,0.1128,0.2070,875449,3737475,421718,0.2342,2036804,1700670,0.455
VPI,2018,0,0.0627,0.1716,2152086,6722364,421646,0.3201,2457569,4264795,0.634
VPI,2019,0,0.0564,0.1881,3057265,8972345,506343,0.3407,2691168,6281177,0.700
VPI,2020,1,0.0310,0.1017,2164999,9703534,300922,0.2231,2958224,6745309,0.695
VPI,2021,1,0.0354,0.1026,2610596,9835484,348132,0.2654,3394445,6441039,0.655
VPI,2022,0,0.0486,0.1436,2152086,11095990,539690,0.1940,3758707,7337284,0.661
VPI,2023,0,0.0396,0.1251,1864842,12530858,496225,0.1488,3966629,8564229,0.683
VPI,2024,0,0.0295,0.0647,1897331,11138519,328475,0.1703,5074140,6064379,0.544
VPI,2025,0,0.0265,0.0714,1976352,14727969,390644,0.1342,5474402,9253567,0.628
DIG,2015,0,0.0021,0.0039,655225,5089310,10461,0.1287,2656336,2432973,0.478
DIG,2016,0,0.0099,0.0209,1151929,5875806,58446,0.1960,2798061,3077745,0.524
DIG,2017,0,0.0323,0.0679,1593711,6083230,196235,0.2620,2890561,3192669,0.525
DIG,2018,0,0.0474,0.1006,2345008,6832108,323992,0.3432,3219360,3612748,0.529
DIG,2019,0,0.0477,0.0975,2115744,8197229,390990,0.2581,4009446,4187782,0.511
DIG,2020,1,0.0601,0.1485,2487174,11826163,711238,0.2103,4790129,7036034,0.595
DIG,2021,1,0.0585,0.1285,2568689,16846905,986154,0.1525,7671483,9175422,0.545
DIG,2022,0,0.0098,0.0185,1896689,14747796,144128,0.1286,7794735,6953061,0.471
DIG,2023,0,0.0071,0.0150,1025747,16827607,118727,0.0610,7893558,8934049,0.531
DIG,2024,0,0.0062,0.0142,1300999,18539324,114536,0.0702,8041311,10498013,0.566
DIG,2025,0,0.0341,0.0645,4717667,18959639,646459,0.2488,10025617,8934022,0.471
PDR,2015,0,0.0207,0.0686,402514,7540835,155728,0.0534,2270832,5270003,0.699
PDR,2016,0,0.0269,0.1009,1496666,9002350,242520,0.1663,2403797,6598553,0.733
PDR,2017,0,0.0442,0.1556,1326626,9948855,439880,0.1333,2826881,7121974,0.716
PDR,2018,0,0.0582,0.1832,2147709,11057426,643317,0.1942,3511626,7545800,0.682
PDR,2019,0,0.0626,0.2001,3400186,13961379,874139,0.2435,4368929,9592451,0.687
PDR,2020,1,0.0781,0.2349,3911212,15617490,1220117,0.2504,5194277,10423212,0.667
PDR,2021,1,0.0907,0.2290,3620224,20551879,1865004,0.1762,8144511,12407368,0.604
PDR,2022,0,0.0498,0.1228,1504575,22843296,1137263,0.0659,9260530,13582766,0.595
PDR,2023,0,0.0325,0.0714,617515,21067823,684059,0.0293,9579392,11488431,0.545
PDR,2024,0,0.0065,0.0140,821691,23985552,155088,0.0343,11058509,12927043,0.539
PDR,2025,0,0.0189,0.0415,1324975,27270247,515070,0.0486,12423939,14846308,0.544
CEO,2015,0,0.0532,0.1269,639404,2621012,139432,0.2440,1099046,1521967,0.581
CEO,2016,0,0.0409,0.1002,1410434,3834549,156983,0.3678,1566577,2267972,0.591
CEO,2017,0,0.0314,0.0794,1832799,5652286,177650,0.3243,2238283,3414003,0.604
CEO,2018,0,0.0265,0.0903,2246238,8422490,223232,0.2667,2471279,5951211,0.707
CEO,2019,0,0.0557,0.1222,4550055,8037362,447910,0.5661,3665754,4371607,0.544
CEO,2020,1,-0.0090,-0.0194,1323835,7438270,-67165,0.1780,3456345,3981925,0.535
CEO,2021,1,0.0132,0.0264,901811,7050052,93150,0.1279,3534352,3515699,0.499
CEO,2022,0,0.0395,0.0750,2548999,7060487,278907,0.3610,3719155,3341333,0.473
CEO,2023,0,0.0160,0.0241,1393473,9424848,150764,0.1479,6246056,3178792,0.337
CEO,2024,0,0.0212,0.0301,1307936,8957583,190154,0.1460,6312301,2645282,0.295
CEO,2025,0,0.0203,0.0275,1338663,8730058,177282,0.1533,6441658,2288400,0.262
DXG,2015,0,0.0942,0.1900,1394505,3573347,336629,0.3903,1771359,1801988,0.504
DXG,2016,0,0.0966,0.1519,2506517,5562791,537204,0.4506,3537355,2025436,0.364
DXG,2017,0,0.0732,0.1613,2879241,10264403,750891,0.2805,4653845,5610557,0.547
DXG,2018,0,0.0858,0.1901,4645319,13728715,1178427,0.3384,6199094,7529621,0.548
DXG,2019,0,0.0612,0.1318,5813578,19880517,1216515,0.2924,9227821,10652696,0.536
DXG,2020,1,-0.0213,-0.0546,2890654,23311433,-495745,0.1240,9084041,14227392,0.610
DXG,2021,1,0.0410,0.0865,10089385,28254061,1157260,0.3571,13381475,14872586,0.526
DXG,2022,0,0.0071,0.0153,5511715,30320666,214869,0.1818,14084932,16235735,0.535
DXG,2023,0,0.0060,0.0121,3724826,28786441,171983,0.1294,14186368,14600073,0.507
DXG,2024,0,0.0088,0.0168,4795471,29183374,255935,0.1643,15202281,13981093,0.479
DXG,2025,0,0.0096,0.0174,4191885,38014589,363942,0.1103,20882509,17132079,0.451
PWA,2015,0,,,,,,,,,
PWA,2016,0,,,,,,,,,
PWA,2017,0,0.0020,0.0105,21726,556515,1097,0.0390,104858,451656,0.812
PWA,2018,0,0.0307,0.1958,85999,697787,21446,0.1232,109537,58825,0.084
PWA,2019,0,0.0805,0.3542,418483,535852,43114,0.7810,121718,414133,0.773
PWA,2020,1,0.1051,0.2816,295115,335364,35261,0.8800,125206,210159,0.627
PWA,2021,1,-0.1403,-0.4497,17588,280915,-39403,0.0626,87621,193294,0.688
PWA,2022,0,-0.0328,-0.1052,15023,256241,-8398,0.0586,79796,176445,0.689
PWA,2023,0,-0.0216,-0.0605,19273,211560,-4562,0.0911,75451,136109,0.643
PWA,2024,0,-0.0104,-0.0290,11103,202947,-2114,0.0547,73003,129944,0.640
PWA,2025,0,0.0431,0.1118,25087,199404,8596,0.1258,76859,122544,0.615
TIG,2015,0,0.1006,0.1216,310779,864957,87047,0.3593,715840,149117,0.172
TIG,2016,0,0.0464,0.0520,177617,946204,43904,0.1877,844931,101273,0.107
TIG,2017,0,0.0522,0.0631,186837,1046647,54630,0.1785,865378,181269,0.173
TIG,2018,0,0.0525,0.0594,259746,1130528,59380,0.2298,999824,130704,0.116
TIG,2019,0,0.0774,0.0953,303786,1499508,116070,0.2026,1217366,282142,0.188
TIG,2020,1,0.0392,0.0558,471498,1857035,72831,0.2539,1304415,55262,0.030
TIG,2021,1,0.0554,0.0970,906313,3518555,194890,0.2576,2008994,1509561,0.429
TIG,2022,0,0.0526,0.0909,943537,4315723,227222,0.2186,2500450,1815272,0.421
TIG,2023,0,0.0536,0.0860,1232618,4141564,222119,0.2976,2582760,1558804,0.376
TIG,2024,0,0.0433,0.0843,1495660,4073402,176551,0.3672,2094752,1978649,0.486
TIG,2025,0,0.0182,0.0343,1072169,4079990,74385,0.2628,2170349,1909641,0.468
SGR,2015,0,0.0220,0.0917,128288,900499,19815,0.1425,216011,684488,0.760
SGR,2016,0,0.1735,0.5604,1079179,1574514,273135,0.6854,487352,1087162,0.690
SGR,2017,0,0.0901,0.2417,532786,1549509,139653,0.3438,577681,971828,0.627
SGR,2018,0,0.0641,0.1884,376436,1966352,126116,0.1914,669512,1296841,0.660
SGR,2019,0,0.0425,0.1285,121323,2094544,89051,0.0579,693079,1401464,0.669
SGR,2020,1,0.0521,0.1366,76647,1956899,101865,0.0392,745741,1211158,0.619
SGR,2021,1,0.0174,0.0499,172807,1998571,34816,0.0865,697602,1300969,0.651
SGR,2022,0,0.1077,0.2447,654438,1999085,215379,0.3274,880018,1119067,0.560
SGR,2023,0,0.0498,0.1111,99165,2047846,102017,0.0484,918276,1129569,0.552
SGR,2024,0,0.0263,0.0608,151466,2252296,59228,0.0672,974768,1277528,0.567
SGR,2025,0,0.0286,0.0546,218631,2736864,78255,0.0799,1433652,1303212,0.476
VC3,2015,0,0.0349,0.1773,477037,1232421,42965,0.3871,242305,990116,0.803
VC3,2016,0,0.0651,0.2511,557042,1157266,75304,0.4813,299950,857316,0.741
VC3,2017,0,0.0554,0.1309,542239,785519,43501,0.6903,332441,453078,0.577
VC3,2018,0,0.0250,0.0550,290305,843835,21077,0.3440,383562,460272,0.545
VC3,2019,0,0.0490,0.1157,330006,1025506,50281,0.3218,434479,591027,0.576
VC3,2020,1,0.0104,0.0190,122075,1331255,13852,0.0917,727417,603837,0.454
VC3,2021,1,0.0403,0.0782,200867,1519857,61202,0.1322,782760,737097,0.485
VC3,2022,0,0.0198,0.0612,514210,3713348,73392,0.1385,1199091,2514258,0.677
VC3,2023,0,0.0418,0.1052,806322,3368739,140972,0.2394,1340239,2028500,0.602
VC3,2024,0,0.0212,0.0466,611368,3086772,65466,0.1981,1405753,1681019,0.545
VC3,2025,0,0.0329,0.0671,607677,3030224,99765,0.2005,1487058,1543166,0.509
VPI,2015,0,-0.0017,-0.0102,223333,2110483,-3505,0.1058,343903,1766581,0.837
VPI,2016,0,0.0066,0.0492,772104,2693511,17896,0.2867,363505,2330006,0.865
VPI,2017,0,0.1128,0.2070,875449,3737475,421718,0.2342,2036804,1700670,0.455
VPI,2018,0,0.0627,0.1716,258265,6722364,421646,0.0384,2457569,4264795,0.634
VPI,2019,0,0.0564,0.1881,3057265,8972345,506343,0.3407,2691168,6281177,0.700
VPI,2020,1,0.0310,0.1017,2164999,9703534,300922,0.2231,2958224,6745309,0.695
VPI,2021,1,0.0354,0.1026,2610596,9835484,348132,0.2654,3394445,6441039,0.655
VPI,2022,0,0.0486,0.1436,2152086,11095990,539690,0.1940,3758707,7337284,0.661
VPI,2023,0,0.0396,0.1251,1864842,12530858,496225,0.1488,3966629,8564229,0.683
VPI,2024,0,0.0295,0.0647,1897331,11138519,328475,0.1703,5074140,6064379,0.544
VPI,2025,0,0.0265,0.0714,1976352,14727969,390644,0.1342,5474402,9253567,0.628
KHG,2015,0,,,,,,,,,
KHG,2016,0,,,,,,,,,
KHG,2017,0,,,,,,,,,
KHG,2018,0,0.0116,0.0131,171055,1413807,16433,0.1210,1251213,162594,0.115
KHG,2019,0,0.0073,0.0081,136650,1399746,10156,0.0976,1261369,138377,0.099
KHG,2020,1,0.0408,0.0550,302970,2370523,96706,0.1278,1758075,612449,0.258
KHG,2021,1,0.0644,0.0880,1288142,6420340,413504,0.2006,4697378,1722962,0.268
KHG,2022,0,0.0628,0.0861,1396204,7044645,442469,0.1982,5139847,1904798,0.270
KHG,2023,0,0.0040,0.0049,330530,6390734,25361,0.0517,5165208,1225526,0.192
KHG,2024,0,0.0083,0.0105,309842,6591186,54626,0.0470,5219834,1371352,0.208
KHG,2025,0,0.0098,0.0130,601302,6994484,68709,0.0860,5289632,1704852,0.244
DXS,2015,0,,,,,,,,,
DXS,2016,0,,,,,,,,,
DXS,2017,0,,,,,,,,,
DXS,2018,0,0.1740,0.4658,2479153,5982843,1041174,0.4144,2235162,3747681,0.626
DXS,2019,0,0.1816,0.3215,4090733,8993139,1632944,0.4549,5078529,3914610,0.435
DXS,2020,1,0.1023,0.1945,3249212,11095041,1135538,0.2929,5839337,5255704,0.474
DXS,2021,1,0.0577,0.1125,4328806,15147811,873462,0.2858,7763525,7384286,0.487
DXS,2022,0,0.0319,0.0640,4096290,16602259,529940,0.2467,8284884,8317375,0.501
DXS,2023,0,-0.0104,-0.0198,1997404,15457120,-160262,0.1292,8102944,7354176,0.476
DXS,2024,0,0.0165,0.0298,2437887,15068519,248079,0.1618,8316413,6752106,0.448
DXS,2025,0,0.0311,0.0593,3966299,16842602,523442,0.2355,8832413,8010190,0.476
NLG,2015,0,0.0415,0.0860,1258544,5022018,208589,0.2506,2426495,2595523,0.517
NLG,2016,0,0.0624,0.1231,2533799,6208809,387570,0.4081,3147274,3061536,0.493
NLG,2017,0,0.0956,0.2031,3161312,7905948,756165,0.3999,3722748,4183199,0.529
NLG,2018,0,0.0927,0.1929,3479608,9574400,887193,0.3634,4600315,4289895,0.448
NLG,2019,0,0.0924,0.1625,2546101,10904394,1007273,0.2335,6199933,4704461,0.431
NLG,2020,1,0.0623,0.1265,2216719,13642706,850327,0.1625,6720338,6922368,0.507
NLG,2021,1,0.0626,0.1093,5205519,23617638,1477959,0.2204,13527665,10089972,0.427
NLG,2022,0,0.0320,0.0650,4338841,27084709,865546,0.1602,13315130,13769579,0.508
NLG,2023,0,0.0280,0.0592,3181422,28611223,800477,0.1112,13532755,15078468,0.527
NLG,2024,0,0.0458,0.0952,7196050,30318114,1387389,0.2374,14568926,15749188,0.519
NLG,2025,0,0.0356,0.0638,5645087,26564516,946309,0.2125,14824244,11740272,0.442
HDC,2015,0,0.0406,0.0766,423552,1197205,48610,0.3538,634389,562816,0.470
HDC,2016,0,0.0417,0.0888,478861,1424146,59342,0.3362,667972,756175,0.531
HDC,2017,0,0.0540,0.1132,410121,1501815,81066,0.2731,716022,785794,0.523
HDC,2018,0,0.0647,0.1320,715260,1638446,105973,0.4365,802792,835654,0.510
HDC,2019,0,0.0593,0.1261,824544,2463325,146005,0.3347,1157577,1305748,0.530
HDC,2020,1,0.0694,0.2025,838973,3332284,231281,0.2518,1142139,2190145,0.657
HDC,2021,1,0.0824,0.2097,1352323,3776882,311249,0.3581,1483977,2292905,0.607
HDC,2022,0,0.0951,0.2257,1298031,4421841,420619,0.2935,1863772,2558069,0.579
HDC,2023,0,0.0281,0.0692,665457,4698875,131972,0.1416,1908013,2790862,0.594
HDC,2024,0,0.0137,0.0294,546228,4877377,66905,0.1120,2272109,2605268,0.534
HDC,2025,0,0.1054,0.2183,456498,6082167,641228,0.0751,2936750,3145417,0.517
IDJ,2015,0,0.0001,0.0001,13612,277339,41,0.0491,274273,3048,0.011
IDJ,2016,0,-0.0229,-0.0237,25568,276851,-6329,0.0924,267376,9474,0.034
IDJ,2017,0,0.0094,0.0112,301816,321328,3017,0.9393,270220,51108,0.159
IDJ,2018,0,0.1182,0.1606,245133,437219,51693,0.5607,321840,115378,0.264
IDJ,2019,0,0.0210,0.0825,378185,1389695,29155,0.2721,353555,1036140,0.746
IDJ,2020,1,0.0321,0.1954,410721,2455335,78759,0.1673,403088,2052247,0.836
IDJ,2021,1,0.0587,0.2052,893403,3455629,202807,0.2585,988154,2467476,0.714
IDJ,2022,0,0.0312,0.0759,816873,4729214,147495,0.1727,1944309,2784905,0.589
IDJ,2023,0,0.0234,0.0533,862044,4684044,109395,0.1840,2053718,2630326,0.562
IDJ,2024,0,0.0227,0.0456,717532,4210442,95605,0.1704,2097265,2113177,0.502
IDJ,2025,0,-0.0313,-0.0523,1058640,3330305,-104196,0.3179,1993078,1337227,0.402
NRC,2015,0,,,,,,,,,
NRC,2016,0,0.0582,0.0590,2379,32468,1889,0.0733,31997,471,0.015
NRC,2017,0,0.1243,0.2058,90116,260060,32329,0.3465,157112,102948,0.396
NRC,2018,0,0.1399,0.3433,176745,502612,70335,0.3517,204876,297736,0.592
NRC,2019,0,0.1012,0.2058,532656,855842,86599,0.6224,420742,4351,0.005
NRC,2020,1,0.0808,0.1301,207249,768639,62127,0.2696,477489,29115,0.038
NRC,2021,1,0.0977,0.1709,444037,2022856,197610,0.2195,1155974,867139,0.429
NRC,2022,0,-0.0318,-0.0566,194245,2276809,-72513,0.0853,1282005,994805,0.437
NRC,2023,0,0.0057,0.0092,4629,2083205,11929,0.0022,1293904,789301,0.379
NRC,2024,0,-0.0711,-0.1187,5149,1929368,-137237,0.0027,1155974,773394,0.401
NRC,2025,0,0.0045,0.0076,91608,1970303,8818,0.0465,1167502,8028,0.004
LDG,2015,0,0.0667,0.1540,519862,2314636,154319,0.2246,1002117,1312520,0.567
LDG,2016,0,0.0566,0.1345,496560,2805536,158740,0.1770,1180200,1625336,0.579
LDG,2017,0,0.0776,0.1412,663317,3645523,282894,0.1820,2004008,1641515,0.450
LDG,2018,0,0.1239,0.2347,1718949,4869110,603154,0.3530,2570233,2298877,0.472
LDG,2019,0,0.1031,0.1932,784580,5848491,603229,0.1342,3123026,2725465,0.466
LDG,2020,1,0.0023,0.0042,1388440,5531704,12910,0.2510,3104404,2427300,0.439
LDG,2021,1,0.0206,0.0434,321282,6841069,140653,0.0470,3243923,3597146,0.526
LDG,2022,0,0.0005,0.0013,193172,7860785,4243,0.0246,3241936,4618849,0.588
LDG,2023,0,-0.0726,-0.1942,-36509,7265457,-527174,-0.0050,2713917,4551540,0.626
LDG,2024,0,-0.2446,-1.2433,-173233,6157209,-1505752,-0.0281,1211097,4946112,0.803
LDG,2025,0,0.0115,0.0711,403021,8040290,92726,0.0501,1303824,6736466,0.838
HDG,2015,0,0.0404,0.0945,1479927,3054981,123459,0.4844,1306733,1748248,0.572
HDG,2016,0,0.0352,0.1284,1988494,6700316,235570,0.2968,1834018,4866298,0.726
HDG,2017,0,0.0212,0.0856,2296976,8415503,178375,0.2729,2084146,6331357,0.752
HDG,2018,0,0.0571,0.2354,3221442,11086580,633433,0.2906,2690685,8395895,0.757
HDG,2019,0,0.0672,0.2840,4342517,13866321,931687,0.3132,3280371,10585950,0.763
HDG,2020,1,0.0706,0.2462,4998578,13878648,979142,0.3602,3977421,9901227,0.713
HDG,2021,1,0.0690,0.2034,3777436,15891544,1096498,0.2377,5390330,10501214,0.661
HDG,2022,0,0.0725,0.1673,3581191,15104924,1095618,0.2371,6548012,8556913,0.566
HDG,2023,0,0.0461,0.0920,2889384,14438352,665078,0.2001,7228748,7209604,0.499
HDG,2024,0,0.0251,0.0472,2717613,13849363,348310,0.1962,7375981,6473382,0.467
HDG,2025,0,0.0525,0.0917,2786540,14685890,770390,0.1897,8398383,6287507,0.428
DLG,2015,0,0.0119,0.0376,1637715,6815607,81061,0.2403,2156440,4659167,0.684
DLG,2016,0,0.0094,0.0247,2477282,7010968,65727,0.3533,2658683,4352285,0.621
DLG,2017,0,0.0071,0.0177,2897509,8312491,59362,0.3486,3351760,4960732,0.597
DLG,2018,0,0.0016,0.0041,2914292,8712258,14353,0.3345,3482155,5230103,0.600
DLG,2019,0,-0.0009,-0.0022,2873263,8614513,-7459,0.3335,3430054,5184459,0.602
DLG,2020,1,-0.1130,-0.3709,2034492,8230569,-929778,0.2472,2506555,5724014,0.695
DLG,2021,1,0.0017,0.0051,1544442,7070349,11793,0.2184,2318835,4751514,0.672
DLG,2022,0,-0.2133,-1.0795,1347872,5611846,-1197177,0.2402,1109021,4502825,0.802
DLG,2023,0,-0.1146,-1.0971,1122334,5051949,-578740,0.2222,527515,4524434,0.896
DLG,2024,0,0.0561,0.3246,1058722,4348369,244031,0.2435,751873,3596496,0.827
DLG,2025,0,0.0990,0.4191,699,4215910,417197,0.0002,995422,3220488,0.764
IDC,2015,0,0.0155,0.0688,4609292,13110842,203136,0.3516,2952927,10157914,0.775
IDC,2016,0,0.0310,0.1103,4422688,12517744,388658,0.3533,3524162,8993582,0.718
IDC,2017,0,0.0075,0.0282,4920866,14361473,107117,0.3426,3798481,10562992,0.736
IDC,2018,0,0.0151,0.0499,4154513,13864800,208765,0.2996,4183561,9681239,0.698
IDC,2019,0,0.0241,0.0814,4928746,14315622,344697,0.3443,4232603,10083019,0.704
IDC,2020,1,0.0208,0.0694,4541856,14622957,304426,0.3106,4389202,10233754,0.700
IDC,2021,1,0.0283,0.0904,4301236,16075835,454308,0.2676,5028037,11047799,0.687
IDC,2022,0,0.1039,0.2884,7485390,17013411,1767507,0.4400,6127923,10885488,0.640
IDC,2023,0,0.0786,0.2246,7237032,17720446,1393647,0.4084,6204915,11515531,0.650
IDC,2024,0,0.1062,0.2769,8846411,18800161,1996055,0.4705,7207648,11592512,0.617
IDC,2025,0,0.0833,0.2338,8588150,23201491,1931791,0.3702,8263031,14938460,0.644
KOS,2015,0,0.0017,0.0028,3858,278520,465,0.0139,167085,111436,0.400
KOS,2016,0,0.0395,0.0504,150576,519956,20536,0.2896,407621,112335,0.216
KOS,2017,0,0.0355,0.0590,407689,747138,26519,0.5457,449140,297998,0.399
KOS,2018,0,0.0263,0.0404,900018,1711132,45064,0.5260,1116704,594428,0.347
KOS,2019,0,0.0105,0.0176,1062828,1908703,20063,0.5568,1136767,771936,0.404
KOS,2020,1,0.0100,0.0189,1308626,2198472,21912,0.5952,1158678,1039794,0.473
KOS,2021,1,0.0058,0.0100,1106568,3874815,22549,0.2856,2263541,1611274,0.416
KOS,2022,0,0.0045,0.0096,1343460,4835564,21830,0.2778,2285227,2550337,0.527
KOS,2023,0,0.0044,0.0092,1315815,4752985,21138,0.2768,2306365,2446620,0.515
KOS,2024,0,0.0045,0.0094,1438927,4851309,21739,0.2966,2318635,2532674,0.522
KOS,2025,0,0.0039,0.0082,1555288,4866349,19067,0.3196,2337702,2528647,0.520
SZC,2015,0,0.0292,0.0565,155385,2131521,62320,0.0729,1103312,1028209,0.482
SZC,2016,0,0.0242,0.0405,101363,1820810,44140,0.0557,1089720,731090,0.402
SZC,2017,0,0.0330,0.0650,219670,2201412,72703,0.0998,1118180,1083232,0.492
SZC,2018,0,0.0377,0.0842,290230,2581010,97352,0.1124,1156406,1424604,0.552
SZC,2019,0,0.0434,0.1122,329422,3089826,134129,0.1066,1195935,1893892,0.613
SZC,2020,1,0.0421,0.1471,432981,4417746,186001,0.0980,1264237,3153509,0.714
SZC,2021,1,0.0576,0.2208,713222,5616375,323629,0.1270,1465585,4150790,0.739
SZC,2022,0,0.0312,0.1286,858889,6334996,197367,0.1356,1534252,4800744,0.758
SZC,2023,0,0.0314,0.1260,817946,6961129,218873,0.1175,1737315,5223813,0.750
SZC,2024,0,0.0367,0.0973,870683,8225800,302127,0.1058,3105551,5120249,0.622
SZC,2025,0,0.0422,0.1077,1097946,8171471,344801,0.1344,3202889,4968583,0.608
FIR,2015,0,0.0769,0.0995,3675,2587,199,1.4206,2000,587,0.227
FIR,2016,0,0.1006,0.1125,9741,25208,2535,0.3864,22535,2673,0.106
FIR,2017,0,0.0621,0.1027,60760,245687,15249,0.2473,148481,97206,0.396
FIR,2018,0,0.1179,0.3413,176269,652463,76941,0.2702,225440,427023,0.654
FIR,2019,0,0.2051,0.2900,327863,450217,92324,0.7282,318405,131812,0.293
FIR,2020,1,0.0879,0.1323,176157,549608,48324,0.3205,365373,183062,0.333
FIR,2021,1,0.0627,0.0981,196415,633469,39745,0.3101,405219,228250,0.360
FIR,2022,0,0.0880,0.1586,384512,1302864,114590,0.2951,722336,580527,0.446
FIR,2023,0,0.0136,0.0257,169125,1402922,19087,0.1206,741423,661499,0.472
FIR,2024,0,0.0005,0.0008,123962,1339408,611,0.0925,742033,597375,0.446
FIR,2025,0,0.0016,0.0026,108263,1236558,1968,0.0876,744000,492557,0.398
SJS,2015,0,0.0393,0.1131,855452,5734361,225105,0.1492,1990459,3743902,0.653
SJS,2016,0,0.0300,0.0847,514269,5969111,178993,0.0862,2112258,3856853,0.646
SJS,2017,0,0.0209,0.0577,-20166,6284643,131256,-0.0032,2275437,4009206,0.638
SJS,2018,0,0.0170,0.0487,467073,6451992,109587,0.0724,2251956,4200035,0.651
SJS,2019,0,0.0158,0.0469,695959,6652903,104849,0.1046,2235291,4417612,0.664
SJS,2020,1,0.0043,0.0142,1135902,7047540,30565,0.1612,2153376,4894165,0.694
SJS,2021,1,0.0093,0.0295,747036,6946047,64778,0.1075,2198791,4747257,0.683
SJS,2022,0,0.0177,0.0465,379811,6779528,119686,0.0560,2575443,4204085,0.620
SJS,2023,0,0.0248,0.0671,416024,7473979,185337,0.0557,2761587,4712392,0.631
SJS,2024,0,0.0342,0.0897,646015,7844263,268508,0.0824,2993878,4850385,0.618
SJS,2025,0,0.0459,0.1049,750726,7880010,361321,0.0953,3445351,4434659,0.563
ASM,2015,0,0.0219,0.0352,880616,3908502,85631,0.2253,2436158,1472344,0.377
ASM,2016,0,0.0355,0.0655,1406490,4880522,173117,0.2882,2644574,2235949,0.458
ASM,2017,0,0.0310,0.0613,2100781,5610793,174212,0.3744,2841505,2769288,0.494
ASM,2018,0,0.0867,0.1810,8887128,11975460,1038544,0.7421,5737393,6238067,0.521
ASM,2019,0,0.0408,0.1011,14223773,15596312,636925,0.9120,6301872,9294439,0.596
ASM,2020,1,0.0270,0.0692,12524614,17604595,475464,0.7114,6872109,10732487,0.610
ASM,2021,1,0.0330,0.0793,11397926,18169114,600437,0.6273,7576340,10592774,0.583
ASM,2022,0,0.0329,0.0802,13749222,19086345,628390,0.7204,7839818,11246527,0.589
ASM,2023,0,0.0096,0.0249,11973154,20307453,195034,0.5896,7826282,12481171,0.615
ASM,2024,0,0.0079,0.0224,12013118,22856056,180854,0.5256,8087735,14768321,0.646
ASM,2025,0,0.0016,0.0046,11317469,23476528,37712,0.4821,8213442,15263085,0.650
NDN,2015,0,0.1176,0.1450,242135,499712,58776,0.4845,405457,94255,0.189
NDN,2016,0,0.0660,0.0858,281812,663155,43789,0.4250,510317,152838,0.230
NDN,2017,0,0.1129,0.1562,228189,775451,87539,0.2943,560251,215200,0.278
NDN,2018,0,0.0517,0.1539,171375,1701144,88023,0.1007,572089,1129055,0.664
NDN,2019,0,0.0313,0.1021,41620,2186561,68446,0.0190,670539,1516023,0.693
NDN,2020,1,0.1493,0.3337,874068,2204327,329174,0.3965,986558,1217769,0.552
NDN,2021,1,0.1534,0.2367,509429,1641851,251788,0.3103,1063908,577943,0.352
NDN,2022,0,-0.0955,-0.1594,3424,1497218,-142961,0.0023,896654,600564,0.401
NDN,2023,0,0.1646,0.2072,435757,1325203,218146,0.3288,1052745,272458,0.206
NDN,2024,0,0.0283,0.0332,55617,1277801,36176,0.0435,1088771,189031,0.148
NDN,2025,0,0.1307,0.1374,26564,1300950,170082,0.0204,1237886,63064,0.048
NTL,2015,0,0.0735,0.1053,473237,1277582,93953,0.3704,892604,384979,0.301
NTL,2016,0,0.0543,0.0778,433359,1376714,74756,0.3148,961381,415333,0.302
NTL,2017,0,0.0581,0.0957,301646,1597602,92760,0.1888,968998,628604,0.393
NTL,2018,0,0.0602,0.1018,714124,1680048,101166,0.4251,993984,686064,0.408
NTL,2019,0,0.1440,0.2189,835098,1623395,233809,0.5144,1068195,555200,0.342
NTL,2020,1,0.1632,0.2537,652853,1809935,295405,0.3607,1164263,645672,0.357
NTL,2021,1,0.1268,0.1936,576724,1876989,237956,0.3073,1229067,647922,0.345
NTL,2022,0,0.0632,0.0847,391277,1685280,106500,0.2322,1257920,427360,0.254
NTL,2023,0,0.1789,0.2491,914024,2035335,364190,0.4491,1462180,573154,0.282
NTL,2024,0,0.2847,0.3527,1441314,2178125,620095,0.6617,1757931,420194,0.193
NTL,2025,0,0.0092,0.0108,17517,1884355,17428,0.0093,1609980,274375,0.146
HPX,2015,0,0.0352,0.1465,1035358,4423844,155737,0.2340,1062800,3361044,0.760
HPX,2016,0,0.0339,0.1299,1807840,4899117,166033,0.3690,1278292,3620825,0.739
HPX,2017,0,0.0494,0.1557,1080467,6576023,325183,0.1643,2088693,4487330,0.682
HPX,2018,0,0.0611,0.1768,2019624,7398332,452274,0.2730,2558558,4839774,0.654
HPX,2019,0,0.0654,0.1493,3431937,6829641,446702,0.5025,2992800,3836842,0.562
HPX,2020,1,0.0125,0.0255,1329628,7378527,92293,0.1802,3620943,3757584,0.509
HPX,2021,1,0.0261,0.0709,1417006,9578592,249919,0.1479,3526748,6051843,0.632
HPX,2022,0,-0.0064,-0.0185,1210372,9467030,-60410,0.1279,3258048,6009434,0.635
HPX,2023,0,0.0153,0.0355,1680274,8296949,127349,0.2025,3587767,4709182,0.568
HPX,2024,0,0.0075,0.0158,1615672,7701602,57447,0.2098,3633974,4067628,0.528
HPX,2025,0,0.0143,0.0341,1142739,8475818,121335,0.1348,3553441,4922376,0.581
AGG,2015,0,,,,,,,,,
AGG,2016,0,0.0007,0.0381,602637,2267344,1547,0.2658,40646,2226698,0.982
AGG,2017,0,0.0239,0.3384,989145,2451628,58562,0.4035,173046,2262888,0.923
AGG,2018,0,0.1277,0.3662,1125412,2291060,292641,0.4912,799106,1451712,0.634
AGG,2019,0,0.0605,0.2246,384627,5398913,326497,0.0712,1453450,3945463,0.731
AGG,2020,1,0.0425,0.1787,1753643,9753392,414713,0.1798,2320738,7432654,0.762
AGG,2021,1,0.0334,0.1567,1808365,12564828,419375,0.1439,2675589,9889239,0.787
AGG,2022,0,0.0017,0.0070,6188635,11098528,18966,0.5576,2725619,8372910,0.754
AGG,2023,0,0.0189,0.0610,3891047,9293398,175358,0.4187,2876121,6417277,0.691
AGG,2024,0,0.0423,0.0948,1913398,7035484,297501,0.2720,3137089,3898395,0.554
AGG,2025,0,0.0692,0.1079,829089,5476945,379195,0.1514,3514998,1961947,0.358
VPH,2015,0,0.0649,0.1822,259140,1672577,108616,0.1549,596040,1076537,0.644
VPH,2016,0,0.0462,0.1240,429249,1748113,80846,0.2455,652232,1095881,0.627
VPH,2017,0,0.0989,0.1992,1382042,1928523,190686,0.7166,957457,971066,0.504
VPH,2018,0,0.0706,0.1394,706219,2074245,146515,0.3405,1051384,1022860,0.493
VPH,2019,0,0.0168,0.0295,162544,1781620,29898,0.0912,1015048,766572,0.430
VPH,2020,1,0.0065,0.0131,268627,2090253,13644,0.1285,1039093,1051160,0.503
VPH,2021,1,0.0406,0.0779,290558,2051055,83208,0.1417,1068476,982579,0.479
VPH,2022,0,0.0088,0.0192,161610,2242856,19666,0.0721,1021923,1220933,0.544
VPH,2023,0,-0.0004,-0.0008,73143,2366331,-852,0.0309,1020416,1345915,0.569
VPH,2024,0,0.0670,0.1185,47404,1931877,129522,0.0245,1092591,839286,0.434
VPH,2025,0,-0.0105,-0.0200,134648,1956538,-20579,0.0688,1027051,929487,0.475
SIP,2015,0,0.0188,0.0876,977817,4090322,77063,0.2391,879599,3210723,0.785
SIP,2016,0,0.0283,0.1485,1806687,5111198,144538,0.3535,973494,4137704,0.810
SIP,2017,0,0.0289,0.1754,2569512,6485783,187440,0.3962,1068535,5417248,0.835
SIP,2018,0,0.0204,0.1603,3239457,10738929,218576,0.3017,1363929,9375000,0.873
SIP,2019,0,0.0442,0.3136,4339741,13465969,594962,0.3223,1897367,11568603,0.859
SIP,2020,1,0.0614,0.3692,5082583,16700343,1025695,0.3043,2777912,13922431,0.834
SIP,2021,1,0.0469,0.2533,5577559,17817257,835406,0.3130,3297878,14519379,0.815
SIP,2022,0,0.0514,0.2669,6034523,19003422,977156,0.3175,3660833,15342589,0.807
SIP,2023,0,0.0440,0.2301,6676517,21060427,926897,0.3170,4028051,17032377,0.809
SIP,2024,0,0.0467,0.2404,7801157,25052881,1170163,0.3114,4867821,20185059,0.806
SIP,2025,0,0.0461,0.2275,8596226,28670188,1322872,0.2998,5813983,22856204,0.797
TEG,2015,0,0.0365,0.0371,28452,159394,5819,0.1785,156792,2602,0.016
TEG,2016,0,0.1597,0.1681,133415,198341,31672,0.6727,188464,9878,0.050
TEG,2017,0,0.1063,0.1308,185079,278365,29595,0.6649,226259,52106,0.187
TEG,2018,0,0.0900,0.1233,181892,353297,31787,0.5148,257832,95465,0.270
TEG,2019,0,0.0065,0.0082,157925,532941,3489,0.2963,425811,107130,0.201
TEG,2020,1,0.0134,0.0168,214715,564992,7555,0.3800,448543,116449,0.206
TEG,2021,1,0.0378,0.0504,249830,1224554,46284,0.2040,918247,306307,0.250
TEG,2022,0,0.0333,0.0428,222414,1233581,41122,0.1803,961805,271777,0.220
TEG,2023,0,0.0584,0.0698,325521,1168231,68238,0.2786,977374,190857,0.163
TEG,2024,0,0.0029,0.0034,298752,1733295,4961,0.1724,1478081,255214,0.147
TEG,2025,0,0.0121,0.0149,55834,1847018,22335,0.0302,1502802,344216,0.186
HAR,2015,0,0.0116,0.0124,56928,1066258,12335,0.0534,996908,69351,0.065
HAR,2016,0,0.0147,0.0175,79438,1207246,17751,0.0658,1014268,192977,0.160
HAR,2017,0,0.0211,0.0270,56936,1359253,28745,0.0419,1065861,293392,0.216
HAR,2018,0,0.0096,0.0108,186834,1180127,11315,0.1583,1050066,130061,0.110
HAR,2019,0,0.0059,0.0064,163228,1136767,6686,0.1436,1049470,87297,0.077
HAR,2020,1,0.0016,0.0019,159409,1260544,1984,0.1265,1034780,225765,0.179
HAR,2021,1,0.0284,0.0333,42697,1253935,35576,0.0341,1069636,184299,0.147
HAR,2022,0,-0.0391,-0.0425,144961,1120633,-43792,0.1294,1031298,89335,0.080
HAR,2023,0,0.0335,0.0337,18272,1071589,35939,0.0171,1066874,4715,0.004
HAR,2024,0,0.0091,0.0092,17815,1079949,9857,0.0165,1076538,3411,0.003
HAR,2025,0,0.0156,0.0157,16535,1096763,17152,0.0151,1093432,3331,0.003
TDH,2015,0,0.0182,0.0332,882376,2529328,45937,0.3489,1383578,1145750,0.453
TDH,2016,0,0.0387,0.0612,1060296,2800625,108294,0.3786,1770950,1029674,0.368
TDH,2017,0,0.0455,0.0712,1840018,2873316,130685,0.6404,1835349,1037967,0.361
TDH,2018,0,0.0253,0.0466,2400065,4561541,115425,0.5262,2476278,2085262,0.457
TDH,2019,0,0.0261,0.0544,3929434,5327383,139303,0.7376,2559707,2767676,0.520
TDH,2020,1,-0.0652,-0.1624,1961050,5570559,-363426,0.3520,2237199,3333361,0.598
TDH,2021,1,-0.5114,-1.5176,487215,1842123,-942055,0.2645,620773,1221350,0.663
TDH,2022,0,0.0035,0.0112,172747,1418433,4935,0.1218,438677,979756,0.691
TDH,2023,0,-0.0468,-0.1662,120442,1333502,-62436,0.0903,375683,957819,0.718
TDH,2024,0,-0.4444,-4.3228,48997,685690,-304690,0.0715,70485,615206,0.897
TDH,2025,0,0.1582,0.5982,122781,685441,108446,0.1791,181291,504150,0.736
LSG,2015,0,0.0186,0.0210,10605,1039732,19356,0.0102,919917,119816,0.115
LSG,2016,0,0.0181,0.0597,232807,3177548,57439,0.0733,961644,2215903,0.697
LSG,2017,0,0.0008,0.0034,37475,4024014,3260,0.0093,962997,3061017,0.761
LSG,2018,0,0.0005,0.0022,45526,3916656,2121,0.0116,962718,2953938,0.754
LSG,2019,0,0.0085,0.0289,0,3369124,28534,0.0000,988852,2380272,0.706
LSG,2020,1,0.0092,0.0391,0,4361742,40152,0.0000,1026604,3335138,0.765
LSG,2021,1,0.0040,0.0113,0,2900075,11711,0.0000,1035915,1864160,0.643
LSG,2022,0,0.0201,0.0446,0,2302832,46175,0.0000,1036115,1266717,0.550
LSG,2023,0,0.0026,0.0057,950,2328589,5981,0.0004,1041196,1287394,0.553
LSG,2024,0,0.0012,0.0026,3425,2355418,2732,0.0015,1043028,1312391,0.557
LSG,2025,0,0.0095,0.0188,46061,2153703,20505,0.0214,1090175,1063528,0.494
NVT,2015,0,0.0116,0.0124,56928,1066258,12335,0.0534,996908,452612,0.424
NVT,2016,0,0.0147,0.0175,79438,1207246,17751,0.0658,1014268,451792,0.374
NVT,2017,0,0.0171,0.0218,56936,1359253,23235,0.0419,1065861,147221,0.108
NVT,2018,0,0.0096,0.0108,186834,1180127,11381,0.1583,1050066,132979,0.113
NVT,2019,0,0.0059,0.0064,163228,1136767,6684,0.1436,1049470,209703,0.184
NVT,2020,1,0.0016,0.0019,159409,1260544,1985,0.1265,1034780,130768,0.104
NVT,2021,1,0.0284,0.0333,42697,1253935,35573,0.0341,1069636,543312,0.433
NVT,2022,0,0.0175,0.0191,144961,1120633,19666,0.1294,1031298,566398,0.505
NVT,2023,0,0.0335,0.0337,18272,1071589,35939,0.0171,1066874,540309,0.504
NVT,2024,0,0.0091,0.0092,17815,1079949,9857,0.0165,1076538,541961,0.502
NVT,2025,0,0.0156,0.0157,16535,1096763,17152,0.0151,1093432,527056,0.481
HLD,2015,0,0.0696,0.1130,341550,737010,51267,0.4634,453552,28346,0.038
HLD,2016,0,0.0745,0.1102,124695,700244,52138,0.1781,472999,22725,0.032
HLD,2017,0,0.0694,0.1162,382845,833276,57797,0.4594,497277,336,0.000
HLD,2018,0,0.0948,0.1799,438743,774660,73404,0.5664,408011,36665,0.047
HLD,2019,0,0.1040,0.1657,420135,729299,75865,0.5761,457807,27149,0.037
HLD,2020,1,0.1212,0.1701,182028,612484,74262,0.2972,436507,17598,0.029
HLD,2021,1,0.0265,0.0341,80925,574181,15221,0.1409,446026,12815,0.022
HLD,2022,0,0.0080,0.0115,35450,608038,4879,0.0583,422644,18539,0.030
HLD,2023,0,0.0056,0.0078,13536,592539,3301,0.0228,424839,1677,0.003
HLD,2024,0,0.0019,0.0089,28959,2023313,3820,0.0143,427257,1596056,0.789
HLD,2025,0,0.0070,0.0280,277024,2707811,18970,0.1023,678449,2029362,0.749
VNI,2015,0,-0.0224,-0.0789,6087,278539,-6244,0.0219,79124,19942,0.072
VNI,2016,0,-0.0681,-0.2934,11415,263634,-17941,0.0433,61139,2025,0.008
VNI,2017,0,-0.0325,-0.1856,5428,294403,-9573,0.0184,51571,24283,0.082
VNI,2018,0,-0.0093,-0.0681,6376,353810,-3299,0.0180,48413,3054,0.009
VNI,2019,0,-0.0207,-0.2010,9433,391403,-8101,0.0241,40312,35109,0.090
VNI,2020,1,0.3446,0.1275,8511,17094,5890,0.4979,46202,36136,2.114
VNI,2021,1,0.0024,0.0223,6566,435951,1055,0.0151,47257,38869,0.089
VNI,2022,0,0.0010,0.0150,5358,694560,718,0.0077,47975,64658,0.093
VNI,2023,0,0.0003,0.0047,5093,846094,226,0.0060,48201,79789,0.094
VNI,2024,0,0.1080,0.6083,450039,690171,74535,0.6521,122524,56765,0.082
VNI,2025,0,-0.0028,-0.0165,152972,718281,-1991,0.2130,120533,59775,0.083